Player,Agents,ACS,K,D,A,KD_DIFF,ADR,HS%,FK,FD,FK_FD_DIFF,match_id,Team,Opp_Team,rounds_won,rounds_lost,ct_rounds_won,ct_rounds_lost,t_rounds_won,t_rounds_lost,Map,Patch
ntk,sova,286,23,14,7,9,180.9,33,2,2,0,9424,SLK,Vora,11,13,10,2,1,11,BIND,
bld,sage,245,22,18,7,4,147.5,47,2,2,0,9424,SLK,Vora,11,13,10,2,1,11,BIND,
Hastad,raze,167,12,16,7,-4,109.8,17,4,3,1,9424,SLK,Vora,11,13,10,2,1,11,BIND,
mNdS,omen,159,13,20,4,-7,96.7,35,2,3,-1,9424,SLK,Vora,11,13,10,2,1,11,BIND,
DiMAS,cypher,148,12,20,6,-8,84.5,11,2,2,0,9424,SLK,Vora,11,13,10,2,1,11,BIND,
krain,sova,373,29,13,7,16,223.5,12,2,1,1,9424,Vora,SLK,13,11,11,1,2,10,BIND,
fzkk,jett,220,20,18,2,2,128.1,33,8,7,1,9424,Vora,SLK,13,11,11,1,2,10,BIND,
dragonite,cypher,193,17,16,4,1,126.3,24,1,2,-1,9424,Vora,SLK,13,11,11,1,2,10,BIND,
delevingne,breach,183,14,18,14,-4,99.4,10,1,2,-1,9424,Vora,SLK,13,11,11,1,2,10,BIND,
v1xen,omen,114,8,17,7,-9,78.5,22,0,0,0,9424,Vora,SLK,13,11,11,1,2,10,BIND,
ntk,sova,262,21,11,11,10,156.2,26,1,2,-1,9424,SLK,Vora,13,8,3,6,10,2,SPLIT,
DiMAS,killjoy,249,20,15,5,5,166.4,21,2,2,0,9424,SLK,Vora,13,8,3,6,10,2,SPLIT,
mNdS,omen,220,18,13,4,5,130.6,23,2,2,0,9424,SLK,Vora,13,8,3,6,10,2,SPLIT,
Hastad,raze,212,13,20,10,-7,127.6,14,5,3,2,9424,SLK,Vora,13,8,3,6,10,2,SPLIT,
bld,sage,155,12,13,7,-1,152.4,31,2,0,2,9424,SLK,Vora,13,8,3,6,10,2,SPLIT,
dragonite,cypher,270,19,18,8,1,186.1,15,2,1,1,9424,Vora,SLK,8,13,2,10,6,3,SPLIT,
krain,sova,265,20,13,6,7,205.0,14,1,1,0,9424,Vora,SLK,8,13,2,10,6,3,SPLIT,
fzkk,jett,239,16,18,2,-2,134.6,9,6,4,2,9424,Vora,SLK,8,13,2,10,6,3,SPLIT,
delevingne,breach,119,10,17,4,-7,77.3,14,0,3,-3,9424,Vora,SLK,8,13,2,10,6,3,SPLIT,
v1xen,omen,114,7,18,4,-11,89.8,31,0,3,-3,9424,Vora,SLK,8,13,2,10,6,3,SPLIT,
mNdS,omen,256,17,21,8,-4,156.2,26,3,2,1,9422,SLK,FUR,8,13,4,5,4,8,ASCENT,
DiMAS,killjoy,238,19,17,2,2,163.2,35,3,0,3,9422,SLK,FUR,8,13,4,5,4,8,ASCENT,
ntk,sova,201,16,14,6,2,138.8,21,1,1,0,9422,SLK,FUR,8,13,4,5,4,8,ASCENT,
Hastad,raze,127,8,17,4,-9,79.8,12,1,4,-3,9422,SLK,FUR,8,13,4,5,4,8,ASCENT,
bld,sage,97,6,17,5,-11,63.8,35,1,5,-4,9422,SLK,FUR,8,13,4,5,4,8,ASCENT,
Nozwerr,sova,374,26,10,15,16,225.0,26,2,0,2,9422,FUR,SLK,13,8,8,4,5,4,ASCENT,
txddy,cypher,252,18,12,8,6,196.1,25,3,2,1,9422,FUR,SLK,13,8,8,4,5,4,ASCENT,
xand,jett,178,14,18,7,-4,105.4,11,6,4,2,9422,FUR,SLK,13,8,8,4,5,4,ASCENT,
Khalil,omen,178,15,9,8,6,112.0,24,0,0,0,9422,FUR,SLK,13,8,8,4,5,4,ASCENT,
Quick,reyna,175,13,17,8,-4,109.7,22,1,3,-2,9422,FUR,SLK,13,8,8,4,5,4,ASCENT,
ntk,sova,264,23,17,8,6,173.7,22,2,2,0,9422,SLK,FUR,12,14,5,7,7,5,HAVEN,
Hastad,raze,258,22,26,9,-4,149.6,14,4,4,0,9422,SLK,FUR,12,14,5,7,7,5,HAVEN,
DiMAS,killjoy,229,21,19,7,2,145.0,20,3,4,-1,9422,SLK,FUR,12,14,5,7,7,5,HAVEN,
bld,sage,199,19,18,6,1,135.4,26,1,3,-2,9422,SLK,FUR,12,14,5,7,7,5,HAVEN,
mNdS,omen,171,18,18,3,0,94.2,33,1,2,-1,9422,SLK,FUR,12,14,5,7,7,5,HAVEN,
xand,jett,294,26,22,2,4,173.2,24,8,5,3,9422,FUR,SLK,14,12,5,7,7,5,HAVEN,
Nozwerr,sova,258,23,21,12,2,155.8,17,2,1,1,9422,FUR,SLK,14,12,5,7,7,5,HAVEN,
txddy,cypher,245,22,21,4,1,155.4,30,2,3,-1,9422,FUR,SLK,14,12,5,7,7,5,HAVEN,
Khalil,omen,167,15,20,8,-5,103.5,11,3,1,2,9422,FUR,SLK,14,12,5,7,7,5,HAVEN,
Quick,breach,138,12,19,19,-7,82.2,24,0,1,-1,9422,FUR,SLK,14,12,5,7,7,5,HAVEN,
krain,sova,235,18,17,7,1,149.8,30,2,1,1,9257,Vora,SLK,11,13,7,5,4,8,BIND,
dragonite,cypher,211,18,17,5,1,126.5,29,3,1,2,9257,Vora,SLK,11,13,7,5,4,8,BIND,
v1xen,brimstone,209,19,18,6,1,114.2,16,3,1,2,9257,Vora,SLK,11,13,7,5,4,8,BIND,
fzkk,jett,189,15,19,3,-4,124.3,24,6,5,1,9257,Vora,SLK,11,13,7,5,4,8,BIND,
delevingne,breach,93,8,20,9,-12,57.5,7,0,2,-2,9257,Vora,SLK,11,13,7,5,4,8,BIND,
ntk,sova,334,27,14,7,13,183.7,16,6,2,4,9257,SLK,Vora,13,11,8,4,5,7,BIND,
Hastad,raze,229,19,13,4,6,138.5,12,1,2,-1,9257,SLK,Vora,13,11,8,4,5,7,BIND,
bld,sage,211,19,14,7,5,156.9,21,1,4,-3,9257,SLK,Vora,13,11,8,4,5,7,BIND,
DiMAS,cypher,171,13,18,7,-5,109.0,11,2,3,-1,9257,SLK,Vora,13,11,8,4,5,7,BIND,
mNdS,omen,155,13,19,7,-6,146.6,27,0,3,-3,9257,SLK,Vora,13,11,8,4,5,7,BIND,
Veroneze,reyna,256,20,18,6,2,160.7,17,5,4,1,9099,VK,SLK,11,13,9,3,2,10,ASCENT,
Maverick,brimstone,252,22,16,8,6,152.2,26,1,0,1,9099,VK,SLK,11,13,9,3,2,10,ASCENT,
Cpx,cypher,208,15,21,10,-6,146.1,21,1,5,-4,9099,VK,SLK,11,13,9,3,2,10,ASCENT,
Zap,sova,174,13,20,13,-7,125.0,19,1,6,-5,9099,VK,SLK,11,13,9,3,2,10,ASCENT,
PryZee,raze,160,14,20,0,-6,97.8,13,0,1,-1,9099,VK,SLK,11,13,9,3,2,10,ASCENT,
ntk,sova,289,26,16,4,10,160.2,25,5,1,4,9099,SLK,VK,13,11,10,2,3,9,ASCENT,
Hastad,raze,239,19,18,8,1,150.6,15,3,3,0,9099,SLK,VK,13,11,10,2,3,9,ASCENT,
bld,sage,229,20,18,11,2,150.5,40,5,1,4,9099,SLK,VK,13,11,10,2,3,9,ASCENT,
DiMAS,killjoy,188,17,17,2,0,124.5,17,1,2,-1,9099,SLK,VK,13,11,10,2,3,9,ASCENT,
mNdS,omen,168,13,15,10,-2,105.6,20,2,1,1,9099,SLK,VK,13,11,10,2,3,9,ASCENT,
Maverick,omen,221,18,14,2,4,127.3,20,2,2,0,9099,VK,SLK,8,13,5,7,3,6,BIND,
PryZee,raze,202,15,17,3,-2,119.0,17,2,3,-1,9099,VK,SLK,8,13,5,7,3,6,BIND,
Veroneze,jett,187,13,17,6,-4,129.1,21,3,1,2,9099,VK,SLK,8,13,5,7,3,6,BIND,
Cpx,cypher,154,10,15,6,-5,94.5,19,2,5,-3,9099,VK,SLK,8,13,5,7,3,6,BIND,
Zap,sova,144,11,14,4,-3,141.3,27,1,0,1,9099,VK,SLK,8,13,5,7,3,6,BIND,
Hastad,raze,330,25,14,4,11,202.5,12,3,2,1,9099,SLK,VK,13,8,6,3,7,5,BIND,
ntk,sova,276,18,11,14,7,152.0,31,3,2,1,9099,SLK,VK,13,8,6,3,7,5,BIND,
bld,sage,236,19,14,8,5,134.8,36,3,2,1,9099,SLK,VK,13,8,6,3,7,5,BIND,
DiMAS,cypher,117,9,16,7,-7,75.0,29,1,2,-1,9099,SLK,VK,13,8,6,3,7,5,BIND,
mNdS,omen,84,6,12,2,-6,53.6,53,1,2,-1,9099,SLK,VK,13,8,6,3,7,5,BIND,
Carlin,jett,378,28,19,5,9,215.0,15,6,4,2,9086,G,SLK,10,13,4,7,6,6,SPLIT,
Sushi,raze,239,19,15,5,4,160.7,25,2,1,1,9086,G,SLK,10,13,4,7,6,6,SPLIT,
CeLLo,killjoy,178,13,18,4,-5,125.7,17,2,2,0,9086,G,SLK,10,13,4,7,6,6,SPLIT,
Tk4h,sage,131,11,17,5,-6,128.3,30,2,2,0,9086,G,SLK,10,13,4,7,6,6,SPLIT,
rosha,omen,79,7,18,2,-11,53.7,24,2,0,2,9086,G,SLK,10,13,4,7,6,6,SPLIT,
Hastad,raze,319,27,15,5,12,184.3,15,4,4,0,9086,SLK,G,13,10,6,6,7,4,SPLIT,
ntk,breach,218,15,15,12,0,110.3,20,1,2,-1,9086,SLK,G,13,10,6,6,7,4,SPLIT,
DiMAS,killjoy,216,19,14,1,5,130.7,21,0,2,-2,9086,SLK,G,13,10,6,6,7,4,SPLIT,
mNdS,omen,184,14,17,8,-3,120.7,22,1,1,0,9086,SLK,G,13,10,6,6,7,4,SPLIT,
bld,sage,149,12,17,5,-5,103.0,57,3,5,-2,9086,SLK,G,13,10,6,6,7,4,SPLIT,
Carlin,jett,295,22,16,2,6,185.9,30,6,0,6,9086,G,SLK,8,13,3,6,5,7,ASCENT,
Sushi,raze,225,16,17,5,-1,146.5,20,1,1,0,9086,G,SLK,8,13,3,6,5,7,ASCENT,
CeLLo,killjoy,143,9,19,6,-10,99.2,15,3,3,0,9086,G,SLK,8,13,3,6,5,7,ASCENT,
Tk4h,sova,120,9,17,5,-8,69.9,12,0,4,-4,9086,G,SLK,8,13,3,6,5,7,ASCENT,
rosha,omen,119,8,16,6,-8,82.3,16,1,2,-1,9086,G,SLK,8,13,3,6,5,7,ASCENT,
Hastad,raze,287,18,18,8,0,158.7,7,4,2,2,9086,SLK,G,13,8,7,5,6,3,ASCENT,
bld,jett,257,19,15,4,4,159.8,24,5,4,1,9086,SLK,G,13,8,7,5,6,3,ASCENT,
ntk,sova,227,19,9,8,10,178.7,26,0,2,-2,9086,SLK,G,13,8,7,5,6,3,ASCENT,
DiMAS,killjoy,179,15,10,3,5,140.4,9,0,2,-2,9086,SLK,G,13,8,7,5,6,3,ASCENT,
mNdS,omen,165,14,12,4,2,103.3,26,1,1,0,9086,SLK,G,13,8,7,5,6,3,ASCENT,
krain,sova,235,18,17,7,1,149.8,30,2,1,1,9257,Vora,SLK,11,13,7,5,4,8,BIND,
dragonite,cypher,211,18,17,5,1,126.5,29,3,1,2,9257,Vora,SLK,11,13,7,5,4,8,BIND,
v1xen,brimstone,209,19,18,6,1,114.2,16,3,1,2,9257,Vora,SLK,11,13,7,5,4,8,BIND,
fzkk,jett,189,15,19,3,-4,124.3,24,6,5,1,9257,Vora,SLK,11,13,7,5,4,8,BIND,
delevingne,breach,93,8,20,9,-12,57.5,7,0,2,-2,9257,Vora,SLK,11,13,7,5,4,8,BIND,
ntk,sova,334,27,14,7,13,183.7,16,6,2,4,9257,SLK,Vora,13,11,8,4,5,7,BIND,
Hastad,raze,229,19,13,4,6,138.5,12,1,2,-1,9257,SLK,Vora,13,11,8,4,5,7,BIND,
bld,sage,211,19,14,7,5,156.9,21,1,4,-3,9257,SLK,Vora,13,11,8,4,5,7,BIND,
DiMAS,cypher,171,13,18,7,-5,109.0,11,2,3,-1,9257,SLK,Vora,13,11,8,4,5,7,BIND,
mNdS,omen,155,13,19,7,-6,146.6,27,0,3,-3,9257,SLK,Vora,13,11,8,4,5,7,BIND,
mNdS,omen,256,17,21,8,-4,156.2,26,3,2,1,9422,SLK,FUR,8,13,4,5,4,8,ASCENT,
DiMAS,killjoy,238,19,17,2,2,163.2,35,3,0,3,9422,SLK,FUR,8,13,4,5,4,8,ASCENT,
ntk,sova,201,16,14,6,2,138.8,21,1,1,0,9422,SLK,FUR,8,13,4,5,4,8,ASCENT,
Hastad,raze,127,8,17,4,-9,79.8,12,1,4,-3,9422,SLK,FUR,8,13,4,5,4,8,ASCENT,
bld,sage,97,6,17,5,-11,63.8,35,1,5,-4,9422,SLK,FUR,8,13,4,5,4,8,ASCENT,
Nozwerr,sova,374,26,10,15,16,225.0,26,2,0,2,9422,FUR,SLK,13,8,8,4,5,4,ASCENT,
txddy,cypher,252,18,12,8,6,196.1,25,3,2,1,9422,FUR,SLK,13,8,8,4,5,4,ASCENT,
xand,jett,178,14,18,7,-4,105.4,11,6,4,2,9422,FUR,SLK,13,8,8,4,5,4,ASCENT,
Khalil,omen,178,15,9,8,6,112.0,24,0,0,0,9422,FUR,SLK,13,8,8,4,5,4,ASCENT,
Quick,reyna,175,13,17,8,-4,109.7,22,1,3,-2,9422,FUR,SLK,13,8,8,4,5,4,ASCENT,
ntk,sova,264,23,17,8,6,173.7,22,2,2,0,9422,SLK,FUR,12,14,5,7,7,5,HAVEN,
Hastad,raze,258,22,26,9,-4,149.6,14,4,4,0,9422,SLK,FUR,12,14,5,7,7,5,HAVEN,
DiMAS,killjoy,229,21,19,7,2,145.0,20,3,4,-1,9422,SLK,FUR,12,14,5,7,7,5,HAVEN,
bld,sage,199,19,18,6,1,135.4,26,1,3,-2,9422,SLK,FUR,12,14,5,7,7,5,HAVEN,
mNdS,omen,171,18,18,3,0,94.2,33,1,2,-1,9422,SLK,FUR,12,14,5,7,7,5,HAVEN,
xand,jett,294,26,22,2,4,173.2,24,8,5,3,9422,FUR,SLK,14,12,5,7,7,5,HAVEN,
Nozwerr,sova,258,23,21,12,2,155.8,17,2,1,1,9422,FUR,SLK,14,12,5,7,7,5,HAVEN,
txddy,cypher,245,22,21,4,1,155.4,30,2,3,-1,9422,FUR,SLK,14,12,5,7,7,5,HAVEN,
Khalil,omen,167,15,20,8,-5,103.5,11,3,1,2,9422,FUR,SLK,14,12,5,7,7,5,HAVEN,
Quick,breach,138,12,19,19,-7,82.2,24,0,1,-1,9422,FUR,SLK,14,12,5,7,7,5,HAVEN,
ntk,sova,286,23,14,7,9,180.9,33,2,2,0,9424,SLK,Vora,11,13,10,2,1,11,BIND,
bld,sage,245,22,18,7,4,147.5,47,2,2,0,9424,SLK,Vora,11,13,10,2,1,11,BIND,
Hastad,raze,167,12,16,7,-4,109.8,17,4,3,1,9424,SLK,Vora,11,13,10,2,1,11,BIND,
mNdS,omen,159,13,20,4,-7,96.7,35,2,3,-1,9424,SLK,Vora,11,13,10,2,1,11,BIND,
DiMAS,cypher,148,12,20,6,-8,84.5,11,2,2,0,9424,SLK,Vora,11,13,10,2,1,11,BIND,
krain,sova,373,29,13,7,16,223.5,12,2,1,1,9424,Vora,SLK,13,11,11,1,2,10,BIND,
fzkk,jett,220,20,18,2,2,128.1,33,8,7,1,9424,Vora,SLK,13,11,11,1,2,10,BIND,
dragonite,cypher,193,17,16,4,1,126.3,24,1,2,-1,9424,Vora,SLK,13,11,11,1,2,10,BIND,
delevingne,breach,183,14,18,14,-4,99.4,10,1,2,-1,9424,Vora,SLK,13,11,11,1,2,10,BIND,
v1xen,omen,114,8,17,7,-9,78.5,22,0,0,0,9424,Vora,SLK,13,11,11,1,2,10,BIND,
ntk,sova,262,21,11,11,10,156.2,26,1,2,-1,9424,SLK,Vora,13,8,3,6,10,2,SPLIT,
DiMAS,killjoy,249,20,15,5,5,166.4,21,2,2,0,9424,SLK,Vora,13,8,3,6,10,2,SPLIT,
mNdS,omen,220,18,13,4,5,130.6,23,2,2,0,9424,SLK,Vora,13,8,3,6,10,2,SPLIT,
Hastad,raze,212,13,20,10,-7,127.6,14,5,3,2,9424,SLK,Vora,13,8,3,6,10,2,SPLIT,
bld,sage,155,12,13,7,-1,152.4,31,2,0,2,9424,SLK,Vora,13,8,3,6,10,2,SPLIT,
dragonite,cypher,270,19,18,8,1,186.1,15,2,1,1,9424,Vora,SLK,8,13,2,10,6,3,SPLIT,
krain,sova,265,20,13,6,7,205.0,14,1,1,0,9424,Vora,SLK,8,13,2,10,6,3,SPLIT,
fzkk,jett,239,16,18,2,-2,134.6,9,6,4,2,9424,Vora,SLK,8,13,2,10,6,3,SPLIT,
delevingne,breach,119,10,17,4,-7,77.3,14,0,3,-3,9424,Vora,SLK,8,13,2,10,6,3,SPLIT,
v1xen,omen,114,7,18,4,-11,89.8,31,0,3,-3,9424,Vora,SLK,8,13,2,10,6,3,SPLIT,
fzkk,raze,299,15,12,11,3,190.9,8,6,2,4,10288,Vora,SLK,13,5,8,4,5,1,BIND,
v1xen,omen,255,18,8,7,10,157.7,23,0,1,-1,10288,Vora,SLK,13,5,8,4,5,1,BIND,
krain,sova,246,17,7,9,10,141.3,18,3,1,2,10288,Vora,SLK,13,5,8,4,5,1,BIND,
dragonite,cypher,229,14,7,7,7,127.4,23,3,1,2,10288,Vora,SLK,13,5,8,4,5,1,BIND,
delevingne,reyna,220,17,9,4,8,136.8,17,1,0,1,10288,Vora,SLK,13,5,8,4,5,1,BIND,
ntk,sova,258,13,17,6,-4,181.2,25,3,1,2,10288,SLK,Vora,5,13,1,5,4,8,BIND,
Hastad,raze,165,7,17,7,-10,109.2,11,0,3,-3,10288,SLK,Vora,5,13,1,5,4,8,BIND,
DiMAS,cypher,152,10,15,4,-5,94.7,33,0,3,-3,10288,SLK,Vora,5,13,1,5,4,8,BIND,
bld,sage,131,9,14,1,-5,67.4,41,2,3,-1,10288,SLK,Vora,5,13,1,5,4,8,BIND,
mNdS,omen,65,4,18,3,-14,46.7,18,0,3,-3,10288,SLK,Vora,5,13,1,5,4,8,BIND,
murizzz,phoenix,256,21,19,5,2,150.7,39,5,4,1,10308,paiN,SLK,10,13,3,8,7,5,HAVEN,
kon4n,raze,216,13,16,10,-3,159.8,23,2,1,1,10308,paiN,SLK,10,13,3,8,7,5,HAVEN,
pepa,sova,177,14,14,7,0,147.4,28,2,2,0,10308,paiN,SLK,10,13,3,8,7,5,HAVEN,
ryotzz,omen,176,15,15,5,0,96.0,5,1,3,-2,10308,paiN,SLK,10,13,3,8,7,5,HAVEN,
matheuzin,cypher,134,11,16,3,-5,85.7,15,0,3,-3,10308,paiN,SLK,10,13,3,8,7,5,HAVEN,
ntk,sova,327,26,13,11,13,205.8,19,1,1,0,10308,SLK,paiN,13,10,5,7,8,3,HAVEN,
Hastad,raze,243,16,20,8,-4,162.1,12,4,3,1,10308,SLK,paiN,13,10,5,7,8,3,HAVEN,
DiMAS,killjoy,208,17,13,4,4,172.3,21,3,1,2,10308,SLK,paiN,13,10,5,7,8,3,HAVEN,
bld,sage,143,12,12,5,0,173.7,29,2,3,-1,10308,SLK,paiN,13,10,5,7,8,3,HAVEN,
mNdS,omen,132,9,16,10,-7,85.8,24,3,2,1,10308,SLK,paiN,13,10,5,7,8,3,HAVEN,
delevingne,reyna,279,19,13,3,6,131.1,19,3,0,3,10310,Vora,SLK,5,13,2,4,3,9,SPLIT,
dragonite,cypher,242,16,15,1,1,142.2,27,4,3,1,10310,Vora,SLK,5,13,2,4,3,9,SPLIT,
krain,breach,212,12,16,7,-4,132.4,18,2,0,2,10310,Vora,SLK,5,13,2,4,3,9,SPLIT,
v1xen,omen,114,6,14,2,-8,67.4,14,1,1,0,10310,Vora,SLK,5,13,2,4,3,9,SPLIT,
fzkk,raze,98,4,15,6,-11,69.1,8,0,4,-4,10310,Vora,SLK,5,13,2,4,3,9,SPLIT,
bld,sage,283,18,11,2,7,190.4,27,2,1,1,10310,SLK,Vora,13,5,9,3,4,2,SPLIT,
Hastad,raze,259,15,12,2,3,145.4,4,2,3,-1,10310,SLK,Vora,13,5,9,3,4,2,SPLIT,
ntk,breach,254,14,15,17,-1,157.4,15,2,1,1,10310,SLK,Vora,13,5,9,3,4,2,SPLIT,
DiMAS,cypher,202,14,9,4,5,102.2,13,0,0,0,10310,SLK,Vora,13,5,9,3,4,2,SPLIT,
mNdS,omen,165,12,10,3,2,112.8,33,2,5,-3,10310,SLK,Vora,13,5,9,3,4,2,SPLIT,
krain,sova,270,18,17,10,1,157.2,29,0,2,-2,10310,Vora,SLK,7,13,5,7,2,6,HAVEN,
fzkk,raze,214,13,18,6,-5,124.1,12,3,2,1,10310,Vora,SLK,7,13,5,7,2,6,HAVEN,
dragonite,cypher,196,14,14,7,0,129.4,34,1,4,-3,10310,Vora,SLK,7,13,5,7,2,6,HAVEN,
v1xen,brimstone,194,14,17,7,-3,129.1,22,0,2,-2,10310,Vora,SLK,7,13,5,7,2,6,HAVEN,
delevingne,reyna,182,12,19,4,-7,102.6,9,3,3,0,10310,Vora,SLK,7,13,5,7,2,6,HAVEN,
DiMAS,killjoy,309,24,16,4,8,184.6,19,2,1,1,10310,SLK,Vora,13,7,6,2,7,5,HAVEN,
Hastad,raze,306,22,13,5,9,179.5,16,1,0,1,10310,SLK,Vora,13,7,6,2,7,5,HAVEN,
ntk,sova,205,15,15,14,0,124.1,26,1,1,0,10310,SLK,Vora,13,7,6,2,7,5,HAVEN,
mNdS,omen,176,13,15,7,-2,112.9,23,4,3,1,10310,SLK,Vora,13,7,6,2,7,5,HAVEN,
bld,sage,150,11,13,8,-2,100.2,32,5,2,3,10310,SLK,Vora,13,7,6,2,7,5,HAVEN,
Hastad,raze,249,20,14,9,6,155.2,17,2,4,-2,10341,SLK,B4,13,11,10,2,3,9,SPLIT,
ntk,breach,239,20,17,13,3,127.5,20,5,1,4,10341,SLK,B4,13,11,10,2,3,9,SPLIT,
bld,sage,189,15,19,11,-4,132.2,25,4,0,4,10341,SLK,B4,13,11,10,2,3,9,SPLIT,
DiMAS,cypher,158,14,15,8,-1,107.7,22,0,2,-2,10341,SLK,B4,13,11,10,2,3,9,SPLIT,
mNdS,omen,149,14,15,3,-1,90.5,26,1,5,-4,10341,SLK,B4,13,11,10,2,3,9,SPLIT,
pancada,raze,236,19,17,5,2,140.8,23,3,2,1,10341,B4,SLK,11,13,9,3,2,10,SPLIT,
dgzin,jett,217,19,20,3,-1,126.0,19,3,8,-5,10341,B4,SLK,11,13,9,3,2,10,SPLIT,
v1nny,breach,194,16,15,5,1,127.1,41,1,0,1,10341,B4,SLK,11,13,9,3,2,10,SPLIT,
Mazin,omen,187,15,16,8,-1,124.7,17,4,0,4,10341,B4,SLK,11,13,9,3,2,10,SPLIT,
fuzari,cypher,136,11,15,4,-4,138.7,30,1,2,-1,10341,B4,SLK,11,13,9,3,2,10,SPLIT,
Jonn,jett,357,23,10,6,13,189.5,26,4,2,2,10319,GLB,SLK,13,4,4,1,9,3,BIND,
Nyang,omen,238,16,8,5,8,145.9,24,0,0,0,10319,GLB,SLK,13,4,4,1,9,3,BIND,
mwzera,raze,218,13,13,4,0,107.7,7,4,3,1,10319,GLB,SLK,13,4,4,1,9,3,BIND,
JhoW,cypher,215,15,6,8,9,122.3,13,1,1,0,10319,GLB,SLK,13,4,4,1,9,3,BIND,
fznnn,sova,208,10,9,12,1,143.4,20,1,1,0,10319,GLB,SLK,13,4,4,1,9,3,BIND,
Hastad,raze,245,12,15,7,-3,161.8,11,2,4,-2,10319,SLK,GLB,4,13,3,9,1,4,BIND,
DiMAS,cypher,177,10,16,3,-6,125.2,32,2,3,-1,10319,SLK,GLB,4,13,3,9,1,4,BIND,
ntk,sova,175,10,16,4,-6,112.1,9,0,1,-1,10319,SLK,GLB,4,13,3,9,1,4,BIND,
bld,sage,124,7,15,1,-8,69.9,18,3,0,3,10319,SLK,GLB,4,13,3,9,1,4,BIND,
mNdS,omen,122,7,15,5,-8,83.6,11,0,2,-2,10319,SLK,GLB,4,13,3,9,1,4,BIND,
Jonn,jett,381,25,13,6,12,221.8,30,4,0,4,10319,GLB,SLK,13,6,8,4,5,2,SPLIT,
mwzera,raze,312,23,9,1,14,191.4,23,5,1,4,10319,GLB,SLK,13,6,8,4,5,2,SPLIT,
fznnn,cypher,195,13,9,8,4,111.9,9,2,2,0,10319,GLB,SLK,13,6,8,4,5,2,SPLIT,
JhoW,omen,174,11,13,7,-2,110.5,7,2,2,0,10319,GLB,SLK,13,6,8,4,5,2,SPLIT,
Nyang,breach,107,7,11,12,-4,62.9,8,0,1,-1,10319,GLB,SLK,13,6,8,4,5,2,SPLIT,
Hastad,raze,277,16,17,5,-1,174.0,15,2,1,1,10319,SLK,GLB,6,13,2,5,4,8,SPLIT,
DiMAS,cypher,150,11,16,3,-5,90.9,43,1,1,0,10319,SLK,GLB,6,13,2,5,4,8,SPLIT,
bld,sage,148,11,15,3,-4,85.2,21,1,5,-4,10319,SLK,GLB,6,13,2,5,4,8,SPLIT,
ntk,breach,144,7,15,7,-8,96.1,15,1,2,-1,10319,SLK,GLB,6,13,2,5,4,8,SPLIT,
mNdS,omen,144,10,16,1,-6,90.0,30,1,4,-3,10319,SLK,GLB,6,13,2,5,4,8,SPLIT,
ntk,breach,270,19,14,7,5,155.4,20,1,0,1,10344,SLK,Vora,6,13,4,8,2,5,SPLIT,
DiMAS,cypher,208,12,16,8,-4,157.9,29,1,2,-1,10344,SLK,Vora,6,13,4,8,2,5,SPLIT,
Hastad,raze,175,10,17,2,-7,94.4,10,3,4,-1,10344,SLK,Vora,6,13,4,8,2,5,SPLIT,
bld,sage,150,11,15,2,-4,97.6,22,1,2,-1,10344,SLK,Vora,6,13,4,8,2,5,SPLIT,
mNdS,omen,132,7,18,5,-11,93.5,26,2,3,-1,10344,SLK,Vora,6,13,4,8,2,5,SPLIT,
dragonite,cypher,270,19,14,5,5,160.2,11,2,0,2,10344,Vora,SLK,13,6,5,2,8,4,SPLIT,
delevingne,jett,237,15,13,5,2,135.9,8,5,3,2,10344,Vora,SLK,13,6,5,2,8,4,SPLIT,
krain,breach,235,18,9,10,9,131.8,16,1,1,0,10344,Vora,SLK,13,6,5,2,8,4,SPLIT,
fzkk,raze,231,14,11,6,3,134.7,9,3,4,-1,10344,Vora,SLK,13,6,5,2,8,4,SPLIT,
v1xen,omen,185,14,12,5,2,100.5,14,0,0,0,10344,Vora,SLK,13,6,5,2,8,4,SPLIT,
DiMAS,killjoy,210,11,15,2,-4,143.7,25,2,1,1,10344,SLK,Vora,5,13,1,5,4,8,HAVEN,
bld,sage,173,9,16,4,-7,94.1,19,4,2,2,10344,SLK,Vora,5,13,1,5,4,8,HAVEN,
Hastad,raze,172,10,18,2,-8,110.0,8,2,2,0,10344,SLK,Vora,5,13,1,5,4,8,HAVEN,
ntk,sova,163,12,15,0,-3,99.8,6,1,1,0,10344,SLK,Vora,5,13,1,5,4,8,HAVEN,
mNdS,omen,150,9,16,5,-7,98.2,28,1,2,-1,10344,SLK,Vora,5,13,1,5,4,8,HAVEN,
v1xen,omen,330,21,8,10,13,190.2,13,2,3,-1,10344,Vora,SLK,13,5,8,4,5,1,HAVEN,
delevingne,jett,257,18,11,0,7,151.1,15,2,2,0,10344,Vora,SLK,13,5,8,4,5,1,HAVEN,
fzkk,raze,235,13,10,8,3,153.4,10,2,3,-1,10344,Vora,SLK,13,5,8,4,5,1,HAVEN,
krain,sova,216,13,10,8,3,134.7,15,1,0,1,10344,Vora,SLK,13,5,8,4,5,1,HAVEN,
dragonite,cypher,200,15,12,3,3,104.1,18,1,2,-1,10344,Vora,SLK,13,5,8,4,5,1,HAVEN,
DiMAS,jett,199,13,16,3,-3,119.1,21,2,3,-1,10348,SLK,VKS,5,13,4,8,1,5,BIND,
Hastad,raze,173,8,17,6,-9,111.2,7,0,0,0,10348,SLK,VKS,5,13,4,8,1,5,BIND,
ntk,sova,167,10,16,1,-6,90.4,8,1,1,0,10348,SLK,VKS,5,13,4,8,1,5,BIND,
bld,cypher,121,6,16,4,-10,92.2,35,3,5,-2,10348,SLK,VKS,5,13,4,8,1,5,BIND,
mNdS,omen,112,7,17,3,-10,79.2,29,0,3,-3,10348,SLK,VKS,5,13,4,8,1,5,BIND,
Sacy,sova,309,20,8,8,12,200.4,25,2,0,2,10348,VKS,SLK,13,5,5,1,8,4,BIND,
saadhak,cypher,283,19,6,8,13,181.6,33,1,2,-1,10348,VKS,SLK,13,5,5,1,8,4,BIND,
frz,jett,267,17,9,2,8,163.5,32,7,2,5,10348,VKS,SLK,13,5,5,1,8,4,BIND,
gtnziN,raze,224,15,12,7,3,146.5,20,2,2,0,10348,VKS,SLK,13,5,5,1,8,4,BIND,
sutecas,omen,156,11,9,7,2,105.6,25,0,0,0,10348,VKS,SLK,13,5,5,1,8,4,BIND,
bld,cypher,239,19,15,3,4,150.7,40,1,3,-2,10348,SLK,VKS,9,13,8,2,1,11,SPLIT,
DiMAS,jett,233,18,19,3,-1,136.7,17,4,3,1,10348,SLK,VKS,9,13,8,2,1,11,SPLIT,
Hastad,raze,186,13,17,7,-4,139.5,14,2,2,0,10348,SLK,VKS,9,13,8,2,1,11,SPLIT,
ntk,breach,159,10,15,9,-5,117.1,20,1,0,1,10348,SLK,VKS,9,13,8,2,1,11,SPLIT,
mNdS,omen,120,10,19,1,-9,77.7,21,1,5,-4,10348,SLK,VKS,9,13,8,2,1,11,SPLIT,
frz,sage,248,19,13,8,6,127.0,18,3,2,1,10348,VKS,SLK,13,9,11,1,2,8,SPLIT,
sutecas,omen,234,18,13,10,5,138.9,34,5,1,4,10348,VKS,SLK,13,9,11,1,2,8,SPLIT,
saadhak,cypher,228,20,14,3,6,148.2,20,3,1,2,10348,VKS,SLK,13,9,11,1,2,8,SPLIT,
gtnziN,raze,202,15,14,8,1,154.0,13,1,4,-3,10348,VKS,SLK,13,9,11,1,2,8,SPLIT,
Sacy,skye,174,13,16,12,-3,120.0,26,1,1,0,10348,VKS,SLK,13,9,11,1,2,8,SPLIT,
ntk,breach,263,19,16,15,3,148.9,16,1,2,-1,12074,SLK,DLWZK,8,13,4,5,4,8,SPLIT,
Hastad,raze,262,19,18,10,1,169.9,7,1,2,-1,12074,SLK,DLWZK,8,13,4,5,4,8,SPLIT,
bld,jett,212,14,15,5,-1,153.9,37,3,8,-5,12074,SLK,DLWZK,8,13,4,5,4,8,SPLIT,
DiMAS,killjoy,185,16,14,1,2,112.0,17,1,2,-1,12074,SLK,DLWZK,8,13,4,5,4,8,SPLIT,
mNdS,omen,148,11,15,4,-4,103.2,21,0,1,-1,12074,SLK,DLWZK,8,13,4,5,4,8,SPLIT,
BRNWOWZK1,raze,294,20,17,6,3,185.8,10,6,1,5,12074,DLWZK,SLK,13,8,8,4,5,4,SPLIT,
heat,jett,232,17,16,4,1,132.4,26,1,2,-1,12074,DLWZK,SLK,13,8,8,4,5,4,SPLIT,
zam,omen,201,16,17,2,-1,118.3,25,3,1,2,12074,DLWZK,SLK,13,8,8,4,5,4,SPLIT,
rhamurti,breach,191,15,15,8,0,100.9,28,2,1,1,12074,DLWZK,SLK,13,8,8,4,5,4,SPLIT,
fluyr,killjoy,136,10,14,5,-4,87.3,8,3,1,2,12074,DLWZK,SLK,13,8,8,4,5,4,SPLIT,
ntk,sova,290,20,15,12,5,170.8,14,4,1,3,12077,SLK,B4,13,8,5,4,8,4,HAVEN,
bld,sage,231,18,13,6,5,155.5,33,1,4,-3,12077,SLK,B4,13,8,5,4,8,4,HAVEN,
Hastad,raze,196,14,16,6,-2,131.6,21,1,3,-2,12077,SLK,B4,13,8,5,4,8,4,HAVEN,
DiMAS,killjoy,192,13,15,6,-2,120.5,35,1,2,-1,12077,SLK,B4,13,8,5,4,8,4,HAVEN,
mNdS,omen,170,13,16,2,-3,81.7,18,1,3,-2,12077,SLK,B4,13,8,5,4,8,4,HAVEN,
pancada,raze,277,20,16,4,4,163.4,14,0,1,-1,12077,B4,SLK,8,13,4,8,4,5,HAVEN,
dgzin,jett,247,17,17,2,0,116.4,24,10,4,6,12077,B4,SLK,8,13,4,8,4,5,HAVEN,
fuzari,cypher,207,15,14,3,1,132.2,30,1,1,0,12077,B4,SLK,8,13,4,8,4,5,HAVEN,
v1nny,sova,173,10,16,9,-6,126.6,15,1,0,1,12077,B4,SLK,8,13,4,8,4,5,HAVEN,
Mazin,omen,169,13,15,5,-2,112.3,18,1,2,-1,12077,B4,SLK,8,13,4,8,4,5,HAVEN,
zam,omen,303,24,17,6,7,197.9,18,3,3,0,12081,DLWZK,SLK,11,13,5,7,6,6,HAVEN,
rhamurti,sova,261,23,17,10,6,155.0,25,4,1,3,12081,DLWZK,SLK,11,13,5,7,6,6,HAVEN,
BRNWOWZK1,raze,206,14,13,6,1,152.2,13,1,0,1,12081,DLWZK,SLK,11,13,5,7,6,6,HAVEN,
heat,jett,126,11,16,3,-5,81.5,33,1,3,-2,12081,DLWZK,SLK,11,13,5,7,6,6,HAVEN,
fluyr,cypher,112,11,18,2,-7,71.8,20,3,5,-2,12081,DLWZK,SLK,11,13,5,7,6,6,HAVEN,
Hastad,raze,277,25,18,5,7,139.3,5,3,4,-1,12081,SLK,DLWZK,13,11,6,6,7,5,HAVEN,
DiMAS,killjoy,222,17,16,7,1,188.3,14,1,2,-1,12081,SLK,DLWZK,13,11,6,6,7,5,HAVEN,
bld,sage,192,18,15,8,3,111.6,33,4,3,1,12081,SLK,DLWZK,13,11,6,6,7,5,HAVEN,
ntk,sova,146,8,18,9,-10,107.3,15,0,2,-2,12081,SLK,DLWZK,13,11,6,6,7,5,HAVEN,
mNdS,omen,146,13,16,4,-3,92.2,35,4,1,3,12081,SLK,DLWZK,13,11,6,6,7,5,HAVEN,
rhamurti,killjoy,232,13,16,7,-3,135.2,16,2,1,1,12081,DLWZK,SLK,6,13,5,7,1,6,ASCENT,
heat,jett,222,13,14,3,-1,131.8,31,5,1,4,12081,DLWZK,SLK,6,13,5,7,1,6,ASCENT,
BRNWOWZK1,raze,196,11,16,7,-5,117.9,26,2,2,0,12081,DLWZK,SLK,6,13,5,7,1,6,ASCENT,
fluyr,sova,187,11,13,4,-2,132.4,31,1,1,0,12081,DLWZK,SLK,6,13,5,7,1,6,ASCENT,
zam,omen,150,9,14,2,-5,97.1,12,2,2,0,12081,DLWZK,SLK,6,13,5,7,1,6,ASCENT,
bld,sage,340,24,10,7,14,210.0,38,3,1,2,12081,SLK,DLWZK,13,6,6,1,7,5,ASCENT,
DiMAS,killjoy,234,17,13,3,4,138.4,30,1,3,-2,12081,SLK,DLWZK,13,6,6,1,7,5,ASCENT,
ntk,sova,233,17,10,9,7,138.7,19,1,2,-1,12081,SLK,DLWZK,13,6,6,1,7,5,ASCENT,
Hastad,raze,132,6,12,8,-6,99.2,4,2,5,-3,12081,SLK,DLWZK,13,6,6,1,7,5,ASCENT,
mNdS,omen,121,9,12,5,-3,76.3,18,0,1,-1,12081,SLK,DLWZK,13,6,6,1,7,5,ASCENT,
Jonn,reyna,322,23,15,8,8,177.7,16,5,2,3,13021,GLB,SLK,13,7,6,6,7,1,ASCENT,
mwzera,raze,272,19,15,5,4,152.2,9,5,2,3,13021,GLB,SLK,13,7,6,6,7,1,ASCENT,
Nyang,killjoy,237,18,12,5,6,153.0,15,1,0,1,13021,GLB,SLK,13,7,6,6,7,1,ASCENT,
JhoW,omen,168,12,12,9,0,104.1,11,2,1,1,13021,GLB,SLK,13,7,6,6,7,1,ASCENT,
fznnn,sova,150,11,10,8,1,103.2,14,0,1,-1,13021,GLB,SLK,13,7,6,6,7,1,ASCENT,
DiMAS,killjoy,251,17,17,5,0,161.7,27,2,1,1,13021,SLK,GLB,7,13,1,7,6,6,ASCENT,
ntk,sova,191,12,16,5,-4,121.7,13,1,0,1,13021,SLK,GLB,7,13,1,7,6,6,ASCENT,
Hastad,raze,182,12,18,2,-6,107.1,5,2,6,-4,13021,SLK,GLB,7,13,1,7,6,6,ASCENT,
bld,sage,179,13,17,7,-4,104.6,37,2,4,-2,13021,SLK,GLB,7,13,1,7,6,6,ASCENT,
mNdS,omen,156,10,16,5,-6,92.6,27,0,3,-3,13021,SLK,GLB,7,13,1,7,6,6,ASCENT,
Jonn,jett,289,24,14,3,10,164.8,19,4,1,3,13021,GLB,SLK,13,9,8,2,5,7,BIND,
mwzera,raze,258,19,15,9,4,167.6,12,5,2,3,13021,GLB,SLK,13,9,8,2,5,7,BIND,
Nyang,killjoy,244,18,13,4,5,138.1,31,1,2,-1,13021,GLB,SLK,13,9,8,2,5,7,BIND,
fznnn,sova,167,12,14,11,-2,112.7,24,0,2,-2,13021,GLB,SLK,13,9,8,2,5,7,BIND,
JhoW,omen,132,12,14,2,-2,79.2,18,3,2,1,13021,GLB,SLK,13,9,8,2,5,7,BIND,
Hastad,raze,261,20,19,3,1,169.7,11,2,5,-3,13021,SLK,GLB,9,13,7,5,2,8,BIND,
ntk,sova,217,16,15,9,1,187.8,17,1,0,1,13021,SLK,GLB,9,13,7,5,2,8,BIND,
DiMAS,killjoy,172,12,16,3,-4,121.5,21,0,1,-1,13021,SLK,GLB,9,13,7,5,2,8,BIND,
mNdS,omen,152,13,17,2,-4,109.6,32,4,2,2,13021,SLK,GLB,9,13,7,5,2,8,BIND,
bld,sage,135,9,18,11,-9,87.6,23,2,5,-3,13021,SLK,GLB,9,13,7,5,2,8,BIND,
aspas,reyna,465,23,8,3,15,285.4,25,3,1,2,14092,SLK,Stor,13,1,11,1,2,0,ASCENT,
ntk,sova,301,12,4,17,8,206.4,13,1,0,1,14092,SLK,Stor,13,1,11,1,2,0,ASCENT,
DiMAS,killjoy,254,15,7,4,8,141.4,30,0,0,0,14092,SLK,Stor,13,1,11,1,2,0,ASCENT,
bld,jett,242,14,9,3,5,162.9,13,5,3,2,14092,SLK,Stor,13,1,11,1,2,0,ASCENT,
mNdS,astra,93,6,7,2,-1,57.9,13,0,1,-1,14092,SLK,Stor,13,1,11,1,2,0,ASCENT,
ckzeta,sova,255,11,14,5,-3,152.6,23,2,2,0,14092,Stor,SLK,1,13,0,2,1,11,ASCENT,
Xezaxi,raze,216,10,14,0,-4,135.2,12,1,0,1,14092,Stor,SLK,1,13,0,2,1,11,ASCENT,
suco,sage,202,9,14,3,-5,128.8,30,1,1,0,14092,Stor,SLK,1,13,0,2,1,11,ASCENT,
Kratosss,omen,99,3,15,5,-12,75.3,7,0,3,-3,14092,Stor,SLK,1,13,0,2,1,11,ASCENT,
arthurzin,cypher,77,2,13,3,-11,39.2,6,1,3,-2,14092,Stor,SLK,1,13,0,2,1,11,ASCENT,
bld,jett,343,22,9,0,13,185.3,31,7,0,7,14092,SLK,Stor,13,4,8,4,5,0,HAVEN,
ntk,sova,238,15,5,5,10,162.6,17,0,0,0,14092,SLK,Stor,13,4,8,4,5,0,HAVEN,
DiMAS,killjoy,222,14,4,0,10,160.2,26,3,2,1,14092,SLK,Stor,13,4,8,4,5,0,HAVEN,
aspas,reyna,185,9,12,5,-3,118.8,19,3,1,2,14092,SLK,Stor,13,4,8,4,5,0,HAVEN,
mNdS,astra,152,10,6,6,4,108.2,23,1,0,1,14092,SLK,Stor,13,4,8,4,5,0,HAVEN,
Kratosss,omen,161,7,14,4,-7,111.1,13,2,2,0,14092,Stor,SLK,4,13,0,5,4,8,HAVEN,
arthurzin,reyna,160,10,15,1,-5,86.1,19,0,4,-4,14092,Stor,SLK,4,13,0,5,4,8,HAVEN,
Xezaxi,raze,147,8,14,3,-6,80.7,17,1,3,-2,14092,Stor,SLK,4,13,0,5,4,8,HAVEN,
suco,cypher,119,5,13,2,-8,80.3,25,0,1,-1,14092,Stor,SLK,4,13,0,5,4,8,HAVEN,
ckzeta,sova,110,6,14,2,-8,91.0,37,0,4,-4,14092,Stor,SLK,4,13,0,5,4,8,HAVEN,
bld,jett,255,15,15,1,0,143.4,31,3,3,0,14103,SLK,VK,4,13,4,8,0,5,BIND,
mNdS,astra,175,9,14,3,-5,117.0,22,1,2,-1,14103,SLK,VK,4,13,4,8,0,5,BIND,
ntk,sova,167,8,15,2,-7,131.5,23,2,0,2,14103,SLK,VK,4,13,4,8,0,5,BIND,
aspas,reyna,136,9,13,0,-4,89.2,18,0,2,-2,14103,SLK,VK,4,13,4,8,0,5,BIND,
DiMAS,cypher,136,7,15,3,-8,81.0,19,2,2,0,14103,SLK,VK,4,13,4,8,0,5,BIND,
PryZee,raze,303,18,11,5,7,169.4,14,1,2,-1,14103,VK,SLK,13,4,5,0,8,4,BIND,
Zap,cypher,214,14,10,2,4,111.9,29,3,1,2,14103,VK,SLK,13,4,5,0,8,4,BIND,
Veroneze,jett,212,13,9,2,4,145.8,30,2,3,-1,14103,VK,SLK,13,4,5,0,8,4,BIND,
Maverick,omen,204,15,7,7,8,120.5,15,0,0,0,14103,VK,SLK,13,4,5,0,8,4,BIND,
Evilkyk,sova,199,12,11,3,1,132.7,24,3,2,1,14103,VK,SLK,13,4,5,0,8,4,BIND,
bld,jett,300,23,11,5,12,176.0,39,5,4,1,14103,SLK,VK,13,8,4,5,9,3,ASCENT,
ntk,sova,281,21,11,7,10,172.3,29,1,1,0,14103,SLK,VK,13,8,4,5,9,3,ASCENT,
mNdS,astra,214,17,12,3,5,104.6,35,3,1,2,14103,SLK,VK,13,8,4,5,9,3,ASCENT,
DiMAS,killjoy,192,14,13,7,1,139.7,19,1,1,0,14103,SLK,VK,13,8,4,5,9,3,ASCENT,
aspas,reyna,177,11,19,7,-8,182.5,29,3,1,2,14103,SLK,VK,13,8,4,5,9,3,ASCENT,
Zap,killjoy,247,19,15,2,4,192.4,26,1,2,-1,14103,VK,SLK,8,13,3,9,5,4,ASCENT,
Maverick,omen,216,15,17,3,-2,132.6,30,0,3,-3,14103,VK,SLK,8,13,3,9,5,4,ASCENT,
PryZee,raze,216,14,19,4,-5,139.7,29,3,1,2,14103,VK,SLK,8,13,3,9,5,4,ASCENT,
Evilkyk,sova,153,9,18,5,-9,99.2,60,1,1,0,14103,VK,SLK,8,13,3,9,5,4,ASCENT,
Veroneze,jett,136,9,17,3,-8,95.0,19,3,6,-3,14103,VK,SLK,8,13,3,9,5,4,ASCENT,
mNdS,omen,234,17,12,7,5,106.4,20,1,2,-1,14103,SLK,VK,13,6,7,0,6,6,HAVEN,
aspas,reyna,218,16,9,7,7,152.2,35,3,1,2,14103,SLK,VK,13,6,7,0,6,6,HAVEN,
bld,jett,202,16,13,2,3,128.1,24,3,5,-2,14103,SLK,VK,13,6,7,0,6,6,HAVEN,
ntk,sova,200,12,11,10,1,114.2,8,1,0,1,14103,SLK,VK,13,6,7,0,6,6,HAVEN,
DiMAS,killjoy,199,13,10,3,3,122.8,8,1,2,-1,14103,SLK,VK,13,6,7,0,6,6,HAVEN,
Veroneze,jett,240,16,15,3,1,138.1,27,3,2,1,14103,VK,SLK,6,13,6,6,0,7,HAVEN,
Evilkyk,sova,196,12,14,5,-2,122.0,23,0,3,-3,14103,VK,SLK,6,13,6,6,0,7,HAVEN,
PryZee,raze,185,11,15,4,-4,125.1,6,1,2,-1,14103,VK,SLK,6,13,6,6,0,7,HAVEN,
Zap,cypher,167,11,15,3,-4,95.5,24,4,0,4,14103,VK,SLK,6,13,6,6,0,7,HAVEN,
Maverick,omen,87,5,15,5,-10,55.9,26,2,2,0,14103,VK,SLK,6,13,6,6,0,7,HAVEN,
krain,sova,269,23,17,12,6,182.5,26,2,1,1,14199,Vora,SLK,14,12,4,8,8,4,ICEBOX,
v1xen,brimstone,231,22,15,9,7,158.5,20,3,2,1,14199,Vora,SLK,14,12,4,8,8,4,ICEBOX,
delevingne,jett,223,19,22,7,-3,132.9,13,2,2,0,14199,Vora,SLK,14,12,4,8,8,4,ICEBOX,
dragonite,killjoy,204,16,19,5,-3,152.5,16,3,2,1,14199,Vora,SLK,14,12,4,8,8,4,ICEBOX,
fzkk,reyna,163,15,22,5,-7,91.5,18,3,6,-3,14199,Vora,SLK,14,12,4,8,8,4,ICEBOX,
DiMAS,jett,280,24,23,9,1,190.2,18,3,4,-1,14199,SLK,Vora,12,14,4,8,8,4,ICEBOX,
aspas,reyna,214,20,19,4,1,139.3,26,3,4,-1,14199,SLK,Vora,12,14,4,8,8,4,ICEBOX,
bld,sage,207,20,17,10,3,134.6,31,2,2,0,14199,SLK,Vora,12,14,4,8,8,4,ICEBOX,
ntk,sova,174,18,16,6,2,118.5,18,0,2,-2,14199,SLK,Vora,12,14,4,8,8,4,ICEBOX,
mNdS,omen,147,13,20,7,-7,93.2,23,5,1,4,14199,SLK,Vora,12,14,4,8,8,4,ICEBOX,
v1xen,omen,260,19,14,3,5,212.1,23,2,1,1,14206,Vora,SLK,7,13,4,4,3,9,HAVEN,
dragonite,skye,186,14,15,3,-1,119.6,17,0,1,-1,14206,Vora,SLK,7,13,4,4,3,9,HAVEN,
delevingne,jett,166,11,15,4,-4,105.0,16,1,3,-2,14206,Vora,SLK,7,13,4,4,3,9,HAVEN,
fzkk,raze,164,9,16,7,-7,93.6,15,3,6,-3,14206,Vora,SLK,7,13,4,4,3,9,HAVEN,
krain,sova,164,9,16,5,-7,108.3,16,2,1,1,14206,Vora,SLK,7,13,4,4,3,9,HAVEN,
aspas,reyna,304,21,14,5,7,256.2,25,2,0,2,14206,SLK,Vora,13,7,9,3,4,4,HAVEN,
mNdS,omen,223,20,13,6,7,135.2,19,0,2,-2,14206,SLK,Vora,13,7,9,3,4,4,HAVEN,
bld,jett,193,12,11,4,1,103.3,17,6,1,5,14206,SLK,Vora,13,7,9,3,4,4,HAVEN,
DiMAS,killjoy,192,13,15,2,-2,119.7,30,3,4,-1,14206,SLK,Vora,13,7,9,3,4,4,HAVEN,
ntk,sova,152,10,9,11,1,90.7,11,1,1,0,14206,SLK,Vora,13,7,9,3,4,4,HAVEN,
krain,sova,233,11,13,2,-2,147.5,32,0,0,0,14206,Vora,SLK,2,13,1,2,1,11,ICEBOX,
dragonite,killjoy,177,8,14,0,-6,128.6,29,0,0,0,14206,Vora,SLK,2,13,1,2,1,11,ICEBOX,
fzkk,raze,121,5,15,2,-10,86.3,13,4,7,-3,14206,Vora,SLK,2,13,1,2,1,11,ICEBOX,
v1xen,omen,110,5,13,1,-8,75.7,30,0,0,0,14206,Vora,SLK,2,13,1,2,1,11,ICEBOX,
delevingne,skye,83,3,13,2,-10,61.4,16,0,4,-4,14206,Vora,SLK,2,13,1,2,1,11,ICEBOX,
aspas,reyna,349,19,5,5,14,221.6,32,2,0,2,14206,SLK,Vora,13,2,11,1,2,1,ICEBOX,
bld,jett,257,16,7,1,9,131.9,10,4,1,3,14206,SLK,Vora,13,2,11,1,2,1,ICEBOX,
mNdS,omen,255,14,10,2,4,157.2,23,4,0,4,14206,SLK,Vora,13,2,11,1,2,1,ICEBOX,
ntk,sova,249,13,4,6,9,168.8,25,1,0,1,14206,SLK,Vora,13,2,11,1,2,1,ICEBOX,
DiMAS,killjoy,105,6,6,2,0,68.4,20,0,3,-3,14206,SLK,Vora,13,2,11,1,2,1,ICEBOX,
ntk,sova,280,20,17,3,3,169.6,29,1,1,0,15734,SLK,GLB,6,13,0,7,6,6,ICEBOX,
mNdS,omen,239,14,17,6,-3,151.9,23,4,1,3,15734,SLK,GLB,6,13,0,7,6,6,ICEBOX,
aspas,reyna,225,16,17,5,-1,129.4,25,0,5,-5,15734,SLK,GLB,6,13,0,7,6,6,ICEBOX,
DiMAS,killjoy,145,8,16,4,-8,91.9,35,1,3,-2,15734,SLK,GLB,6,13,0,7,6,6,ICEBOX,
bld,sage,94,5,15,5,-10,69.9,16,0,3,-3,15734,SLK,GLB,6,13,0,7,6,6,ICEBOX,
mwzera,raze,358,25,15,5,10,225.6,16,4,1,3,15734,GLB,SLK,13,6,6,6,7,0,ICEBOX,
fznnn,sova,319,21,11,12,10,185.3,17,2,0,2,15734,GLB,SLK,13,6,6,6,7,0,ICEBOX,
JhoW,omen,210,14,10,7,4,122.4,15,3,1,2,15734,GLB,SLK,13,6,6,6,7,0,ICEBOX,
Jonn,reyna,197,13,15,4,-2,122.7,41,4,3,1,15734,GLB,SLK,13,6,6,6,7,0,ICEBOX,
Nyang,sage,132,9,12,10,-3,81.4,16,0,1,-1,15734,GLB,SLK,13,6,6,6,7,0,ICEBOX,
Sacy,sova,317,17,8,10,9,220.0,25,1,0,1,15737,VKS,SLK,13,4,10,2,3,2,HAVEN,
saadhak,cypher,317,20,9,8,11,189.8,38,3,1,2,15737,VKS,SLK,13,4,10,2,3,2,HAVEN,
gtnziN,raze,259,15,9,3,6,156.8,18,6,1,5,15737,VKS,SLK,13,4,10,2,3,2,HAVEN,
frz,phoenix,157,11,10,5,1,92.7,30,1,3,-2,15737,VKS,SLK,13,4,10,2,3,2,HAVEN,
sutecas,astra,112,9,9,2,0,83.3,32,0,1,-1,15737,VKS,SLK,13,4,10,2,3,2,HAVEN,
aspas,reyna,290,16,14,4,2,163.7,33,2,1,1,15737,SLK,VKS,4,13,2,3,2,10,HAVEN,
bld,jett,200,12,13,2,-1,135.9,39,2,2,0,15737,SLK,VKS,4,13,2,3,2,10,HAVEN,
mNdS,omen,139,5,14,3,-9,114.8,25,1,2,-1,15737,SLK,VKS,4,13,2,3,2,10,HAVEN,
ntk,sova,137,7,14,6,-7,81.5,15,0,1,-1,15737,SLK,VKS,4,13,2,3,2,10,HAVEN,
DiMAS,killjoy,90,5,17,1,-12,61.5,50,1,5,-4,15737,SLK,VKS,4,13,2,3,2,10,HAVEN,
saadhak,viper,286,17,11,11,6,172.5,20,6,0,6,15737,VKS,SLK,13,6,5,2,8,4,BIND,
Sacy,sova,274,20,8,5,12,179.3,45,1,0,1,15737,VKS,SLK,13,6,5,2,8,4,BIND,
frz,skye,266,18,9,9,9,139.8,44,4,3,1,15737,VKS,SLK,13,6,5,2,8,4,BIND,
gtnziN,raze,178,12,13,4,-1,123.8,13,1,1,0,15737,VKS,SLK,13,6,5,2,8,4,BIND,
sutecas,astra,142,11,8,1,3,107.0,33,0,3,-3,15737,VKS,SLK,13,6,5,2,8,4,BIND,
ntk,sova,213,13,14,4,-1,128.9,28,1,1,0,15737,SLK,VKS,6,13,4,8,2,5,BIND,
bld,jett,184,11,17,3,-6,109.2,24,2,4,-2,15737,SLK,VKS,6,13,4,8,2,5,BIND,
aspas,reyna,149,10,14,4,-4,101.2,26,2,2,0,15737,SLK,VKS,6,13,4,8,2,5,BIND,
DiMAS,viper,140,9,17,1,-8,87.8,27,0,3,-3,15737,SLK,VKS,6,13,4,8,2,5,BIND,
mNdS,brimstone,84,6,16,0,-10,61.7,19,2,2,0,15737,SLK,VKS,6,13,4,8,2,5,BIND,
aspas,raze,333,24,9,4,15,213.3,26,2,1,1,17038,SLK,BD,13,6,5,2,8,4,ASCENT,
bld,viper,221,15,14,3,1,125.8,39,4,4,0,17038,SLK,BD,13,6,5,2,8,4,ASCENT,
ntk,sova,219,16,10,8,6,123.1,29,0,0,0,17038,SLK,BD,13,6,5,2,8,4,ASCENT,
DiMAS,skye,189,13,12,4,1,126.1,30,3,2,1,17038,SLK,BD,13,6,5,2,8,4,ASCENT,
mNdS,astra,175,12,12,7,0,111.4,22,2,1,1,17038,SLK,BD,13,6,5,2,8,4,ASCENT,
pollo,yoru,249,18,15,4,3,197.4,32,4,3,1,17038,BD,SLK,6,13,4,8,2,5,ASCENT,
Gabriel,astra,209,14,15,3,-1,141.5,38,1,2,-1,17038,BD,SLK,6,13,4,8,2,5,ASCENT,
Docks,sova,189,11,16,10,-5,109.7,16,2,1,1,17038,BD,SLK,6,13,4,8,2,5,ASCENT,
Ant,killjoy,163,10,16,1,-6,101.2,29,1,1,0,17038,BD,SLK,6,13,4,8,2,5,ASCENT,
dio9x,skye,93,4,18,5,-14,68.7,10,0,4,-4,17038,BD,SLK,6,13,4,8,2,5,ASCENT,
DiMAS,skye,329,28,17,3,11,208.0,29,2,0,2,17040,SLK,paiN,13,10,7,5,6,5,HAVEN,
aspas,jett,232,21,15,2,6,126.3,35,5,1,4,17040,SLK,paiN,13,10,7,5,6,5,HAVEN,
ntk,sova,211,14,13,16,1,142.8,16,2,3,-1,17040,SLK,paiN,13,10,7,5,6,5,HAVEN,
bld,cypher,176,14,17,7,-3,135.4,26,3,2,1,17040,SLK,paiN,13,10,7,5,6,5,HAVEN,
mNdS,astra,144,13,16,7,-3,104.0,38,0,5,-5,17040,SLK,paiN,13,10,7,5,6,5,HAVEN,
matheuzin,sova,307,24,19,5,5,187.1,30,4,1,3,17040,paiN,SLK,10,13,5,6,5,7,HAVEN,
murizzz,jett,203,17,19,2,-2,126.2,27,5,5,0,17040,paiN,SLK,10,13,5,6,5,7,HAVEN,
pepa,astra,176,14,17,5,-3,117.1,26,2,0,2,17040,paiN,SLK,10,13,5,6,5,7,HAVEN,
ryotzz,killjoy,155,12,18,8,-6,112.5,15,0,3,-3,17040,paiN,SLK,10,13,5,6,5,7,HAVEN,
kon4n,skye,139,11,17,7,-6,73.0,14,0,3,-3,17040,paiN,SLK,10,13,5,6,5,7,HAVEN,
ntk,sova,331,20,9,4,11,204.7,22,2,0,2,17040,SLK,paiN,13,4,3,2,10,2,ICEBOX,
aspas,reyna,243,14,14,4,0,150.0,32,1,3,-2,17040,SLK,paiN,13,4,3,2,10,2,ICEBOX,
bld,viper,242,16,12,5,4,136.2,34,3,1,2,17040,SLK,paiN,13,4,3,2,10,2,ICEBOX,
DiMAS,killjoy,213,12,12,3,0,145.7,21,4,1,3,17040,SLK,paiN,13,4,3,2,10,2,ICEBOX,
mNdS,sage,175,12,10,6,2,107.0,30,0,2,-2,17040,SLK,paiN,13,4,3,2,10,2,ICEBOX,
pepa,viper,258,14,16,5,-2,148.2,24,2,3,-1,17040,paiN,SLK,4,13,2,10,2,3,ICEBOX,
murizzz,jett,221,14,13,1,1,254.2,25,1,2,-1,17040,paiN,SLK,4,13,2,10,2,3,ICEBOX,
kon4n,skye,208,12,14,7,-2,126.6,25,1,2,-1,17040,paiN,SLK,4,13,2,10,2,3,ICEBOX,
matheuzin,sova,205,12,14,6,-2,109.4,15,1,1,0,17040,paiN,SLK,4,13,2,10,2,3,ICEBOX,
ryotzz,killjoy,122,5,17,6,-12,93.2,3,2,2,0,17040,paiN,SLK,4,13,2,10,2,3,ICEBOX,
gaabxx,jett,280,14,14,1,0,235.3,24,4,1,3,17616,SHK,SLK,3,13,3,9,0,4,ICEBOX,
fra,sage,180,9,13,4,-4,106.9,21,2,2,0,17616,SHK,SLK,3,13,3,9,0,4,ICEBOX,
prozin,reyna,174,9,15,3,-6,112.8,17,3,2,1,17616,SHK,SLK,3,13,3,9,0,4,ICEBOX,
light,omen,167,7,13,5,-6,110.9,21,0,1,-1,17616,SHK,SLK,3,13,3,9,0,4,ICEBOX,
deNaro,sova,115,5,12,8,-7,133.4,9,0,1,-1,17616,SHK,SLK,3,13,3,9,0,4,ICEBOX,
ntk,sova,320,17,7,6,10,169.6,11,2,0,2,17616,SLK,SHK,13,3,4,0,9,3,ICEBOX,
aspas,reyna,271,17,10,4,7,174.9,24,0,5,-5,17616,SLK,SHK,13,3,4,0,9,3,ICEBOX,
bld,viper,251,15,9,6,6,130.2,33,2,2,0,17616,SLK,SHK,13,3,4,0,9,3,ICEBOX,
DiMAS,killjoy,172,10,8,5,2,134.8,35,1,1,0,17616,SLK,SHK,13,3,4,0,9,3,ICEBOX,
mNdS,sage,134,7,10,10,-3,80.0,23,2,1,1,17616,SLK,SHK,13,3,4,0,9,3,ICEBOX,
prozin,raze,302,18,9,3,9,156.6,20,2,0,2,17616,SHK,SLK,13,4,5,0,8,4,ASCENT,
gaabxx,jett,291,18,11,3,7,164.1,30,5,4,1,17616,SHK,SLK,13,4,5,0,8,4,ASCENT,
fra,killjoy,218,15,6,0,9,140.5,24,1,1,0,17616,SHK,SLK,13,4,5,0,8,4,ASCENT,
deNaro,sova,185,11,8,7,3,112.6,19,0,2,-2,17616,SHK,SLK,13,4,5,0,8,4,ASCENT,
light,omen,172,11,9,3,2,101.9,32,2,0,2,17616,SHK,SLK,13,4,5,0,8,4,ASCENT,
bld,viper,185,10,13,3,-3,116.5,32,1,0,1,17616,SLK,SHK,4,13,4,8,0,5,ASCENT,
ntk,sova,184,9,14,7,-5,129.7,15,3,2,1,17616,SLK,SHK,4,13,4,8,0,5,ASCENT,
aspas,raze,173,8,16,5,-8,130.9,19,3,3,0,17616,SLK,SHK,4,13,4,8,0,5,ASCENT,
mNdS,astra,170,11,15,2,-4,95.4,15,0,2,-2,17616,SLK,SHK,4,13,4,8,0,5,ASCENT,
DiMAS,skye,80,5,15,2,-10,55.8,24,0,3,-3,17616,SLK,SHK,4,13,4,8,0,5,ASCENT,
deNaro,sova,271,20,15,15,5,172.2,11,3,0,3,17616,SHK,SLK,13,11,7,5,6,6,HAVEN,
gaabxx,jett,262,25,15,2,10,168.0,28,4,5,-1,17616,SHK,SLK,13,11,7,5,6,6,HAVEN,
prozin,phoenix,194,15,19,8,-4,137.4,35,3,2,1,17616,SHK,SLK,13,11,7,5,6,6,HAVEN,
light,omen,181,15,16,4,-1,100.4,26,2,3,-1,17616,SHK,SLK,13,11,7,5,6,6,HAVEN,
fra,cypher,175,15,17,9,-2,107.3,24,0,2,-2,17616,SHK,SLK,13,11,7,5,6,6,HAVEN,
ntk,sova,273,21,17,11,4,177.1,18,2,2,0,17616,SLK,SHK,11,13,6,6,5,7,HAVEN,
bld,cypher,205,17,20,6,-3,139.9,25,4,2,2,17616,SLK,SHK,11,13,6,6,5,7,HAVEN,
mNdS,astra,185,15,18,8,-3,121.9,15,2,2,0,17616,SLK,SHK,11,13,6,6,5,7,HAVEN,
DiMAS,skye,171,15,17,3,-2,99.4,42,2,4,-2,17616,SLK,SHK,11,13,6,6,5,7,HAVEN,
aspas,jett,165,14,18,3,-4,112.9,24,2,2,0,17616,SLK,SHK,11,13,6,6,5,7,HAVEN,
heat,jett,362,28,16,3,12,201.0,37,6,4,2,17746,HL,SLK,13,10,6,5,7,5,ICEBOX,
shion,reyna,311,27,14,2,13,174.9,28,3,1,2,17746,HL,SLK,13,10,6,5,7,5,ICEBOX,
Myssen,sova,177,14,12,6,2,115.7,54,2,1,1,17746,HL,SLK,13,10,6,5,7,5,ICEBOX,
liazzi,sage,152,12,12,16,0,96.7,26,0,1,-1,17746,HL,SLK,13,10,6,5,7,5,ICEBOX,
pleets,viper,129,8,17,9,-9,90.0,18,0,5,-5,17746,HL,SLK,13,10,6,5,7,5,ICEBOX,
DiMAS,killjoy,219,18,16,3,2,136.0,18,3,0,3,17746,SLK,HL,10,13,5,7,5,6,ICEBOX,
bld,viper,202,14,18,8,-4,139.4,41,4,3,1,17746,SLK,HL,10,13,5,7,5,6,ICEBOX,
mNdS,sage,194,13,19,7,-6,136.4,20,2,2,0,17746,SLK,HL,10,13,5,7,5,6,ICEBOX,
aspas,reyna,185,15,19,5,-4,136.3,33,2,3,-1,17746,SLK,HL,10,13,5,7,5,6,ICEBOX,
ntk,sova,161,11,17,6,-6,114.4,12,1,3,-2,17746,SLK,HL,10,13,5,7,5,6,ICEBOX,
liazzi,raze,311,27,21,9,6,197.7,19,3,4,-1,17746,HL,SLK,14,12,3,9,9,3,HAVEN,
Myssen,cypher,199,20,17,1,3,128.6,63,2,3,-1,17746,HL,SLK,14,12,3,9,9,3,HAVEN,
shion,sova,196,18,19,7,-1,117.2,23,2,1,1,17746,HL,SLK,14,12,3,9,9,3,HAVEN,
pleets,omen,174,13,19,13,-6,115.7,13,1,1,0,17746,HL,SLK,14,12,3,9,9,3,HAVEN,
heat,jett,154,16,17,3,-1,95.0,21,2,6,-4,17746,HL,SLK,14,12,3,9,9,3,HAVEN,
aspas,reyna,304,27,17,8,10,197.2,40,2,1,1,17746,SLK,HL,12,14,3,9,9,3,HAVEN,
DiMAS,killjoy,219,21,21,3,0,136.6,31,5,0,5,17746,SLK,HL,12,14,3,9,9,3,HAVEN,
bld,jett,207,21,21,1,0,122.4,27,5,5,0,17746,SLK,HL,12,14,3,9,9,3,HAVEN,
ntk,sova,163,12,18,12,-6,113.1,24,2,1,1,17746,SLK,HL,12,14,3,9,9,3,HAVEN,
mNdS,astra,117,12,18,4,-6,69.5,15,2,4,-2,17746,SLK,HL,12,14,3,9,9,3,HAVEN,
bstrdd,jett,291,23,21,2,2,171.1,27,2,3,-1,21524,GLP,SLK,9,13,1,9,8,4,ICEBOX,
daiki,sova,213,15,15,7,0,143.8,30,0,0,0,21524,GLP,SLK,9,13,1,9,8,4,ICEBOX,
nat1,raze,190,13,18,2,-5,119.5,26,3,7,-4,21524,GLP,SLK,9,13,1,9,8,4,ICEBOX,
Drn,sage,177,12,18,11,-6,153.0,23,2,3,-1,21524,GLP,SLK,9,13,1,9,8,4,ICEBOX,
naxy,viper,99,7,17,3,-10,112.7,7,1,1,0,21524,GLP,SLK,9,13,1,9,8,4,ICEBOX,
aspas,reyna,364,25,13,5,12,211.0,24,7,1,6,21524,SLK,GLP,13,9,4,8,9,1,ICEBOX,
bld,sage,233,20,15,6,5,163.7,34,2,1,1,21524,SLK,GLP,13,9,4,8,9,1,ICEBOX,
mNdS,sova,222,17,11,10,6,191.5,30,2,1,1,21524,SLK,GLP,13,9,4,8,9,1,ICEBOX,
Veroneze,viper,182,16,12,1,4,114.0,35,2,1,1,21524,SLK,GLP,13,9,4,8,9,1,ICEBOX,
DiMAS,killjoy,143,11,19,5,-8,100.7,12,1,4,-3,21524,SLK,GLP,13,9,4,8,9,1,ICEBOX,
aspas,reyna,331,32,15,2,17,191.4,27,7,3,4,21536,SLK,Meta,14,12,5,7,7,5,ICEBOX,
bld,sage,277,25,18,9,7,191.0,27,3,2,1,21536,SLK,Meta,14,12,5,7,7,5,ICEBOX,
Veroneze,viper,200,17,19,10,-2,129.2,24,1,2,-1,21536,SLK,Meta,14,12,5,7,7,5,ICEBOX,
DiMAS,killjoy,189,16,18,6,-2,116.3,18,3,1,2,21536,SLK,Meta,14,12,5,7,7,5,ICEBOX,
mNdS,sova,178,14,17,9,-3,118.2,29,3,1,2,21536,SLK,Meta,14,12,5,7,7,5,ICEBOX,
suther,raze,301,22,20,7,2,196.2,13,7,2,5,21536,Meta,SLK,12,14,5,7,7,5,ICEBOX,
MT1,sova,205,18,23,9,-5,125.9,21,2,5,-3,21536,Meta,SLK,12,14,5,7,7,5,ICEBOX,
vaiZ,sage,183,17,21,12,-4,102.6,16,0,3,-3,21536,Meta,SLK,12,14,5,7,7,5,ICEBOX,
WKN,omen,171,16,22,4,-6,97.8,13,0,5,-5,21536,Meta,SLK,12,14,5,7,7,5,ICEBOX,
lucasvade,viper,167,14,18,7,-4,115.1,22,0,2,-2,21536,Meta,SLK,12,14,5,7,7,5,ICEBOX,
aspas,raze,243,15,21,9,-6,163.9,15,3,1,2,21730,SLK,VK,8,13,3,6,5,7,ASCENT,
Veroneze,omen,242,20,18,4,2,144.9,44,1,3,-2,21730,SLK,VK,8,13,3,6,5,7,ASCENT,
DiMAS,killjoy,173,14,18,2,-4,112.5,44,1,2,-1,21730,SLK,VK,8,13,3,6,5,7,ASCENT,
mNdS,sova,141,9,16,9,-7,154.4,33,2,1,1,21730,SLK,VK,8,13,3,6,5,7,ASCENT,
bld,sage,138,9,16,4,-7,78.7,34,3,4,-1,21730,SLK,VK,8,13,3,6,5,7,ASCENT,
ntk,sova,336,23,11,16,12,199.3,8,1,1,0,21730,VK,SLK,13,8,7,5,6,3,ASCENT,
murizzz,phoenix,292,22,17,7,5,145.9,25,7,3,4,21730,VK,SLK,13,8,7,5,6,3,ASCENT,
v1xen,astra,235,19,12,8,7,154.0,15,0,1,-1,21730,VK,SLK,13,8,7,5,6,3,ASCENT,
heat,jett,216,18,12,3,6,138.3,26,3,3,0,21730,VK,SLK,13,8,7,5,6,3,ASCENT,
JhoW,killjoy,81,7,15,0,-8,61.6,16,0,2,-2,21730,VK,SLK,13,8,7,5,6,3,ASCENT,
bld,sage,257,19,16,4,3,156.0,33,5,0,5,21730,SLK,VK,13,8,6,6,7,2,ICEBOX,
DiMAS,killjoy,238,18,12,2,6,149.6,25,5,2,3,21730,SLK,VK,13,8,6,6,7,2,ICEBOX,
aspas,reyna,222,18,11,3,7,123.7,34,1,1,0,21730,SLK,VK,13,8,6,6,7,2,ICEBOX,
Veroneze,viper,200,15,14,2,1,134.0,35,4,1,3,21730,SLK,VK,13,8,6,6,7,2,ICEBOX,
mNdS,sova,174,12,14,6,-2,113.2,38,1,1,0,21730,SLK,VK,13,8,6,6,7,2,ICEBOX,
murizzz,sage,263,19,15,5,4,170.9,43,1,3,-2,21730,VK,SLK,8,13,2,7,6,6,ICEBOX,
ntk,sova,239,16,16,5,0,146.7,14,0,4,-4,21730,VK,SLK,8,13,2,7,6,6,ICEBOX,
heat,jett,192,14,19,2,-5,131.6,24,3,6,-3,21730,VK,SLK,8,13,2,7,6,6,ICEBOX,
JhoW,killjoy,173,11,16,4,-5,112.3,13,1,1,0,21730,VK,SLK,8,13,2,7,6,6,ICEBOX,
v1xen,viper,104,7,16,4,-9,66.1,24,0,2,-2,21730,VK,SLK,8,13,2,7,6,6,ICEBOX,
bld,phoenix,289,18,16,4,2,175.7,32,4,2,2,21730,SLK,VK,5,13,1,5,4,8,BIND,
aspas,raze,234,15,14,3,1,146.5,26,0,3,-3,21730,SLK,VK,5,13,1,5,4,8,BIND,
Veroneze,viper,185,11,16,5,-5,115.9,44,2,2,0,21730,SLK,VK,5,13,1,5,4,8,BIND,
mNdS,sova,136,9,15,3,-6,84.4,33,0,2,-2,21730,SLK,VK,5,13,1,5,4,8,BIND,
DiMAS,brimstone,98,6,17,2,-11,58.9,13,0,3,-3,21730,SLK,VK,5,13,1,5,4,8,BIND,
murizzz,raze,392,23,17,5,6,217.6,33,8,3,5,21730,VK,SLK,13,5,8,4,5,1,BIND,
heat,jett,256,18,14,3,4,159.8,23,1,1,0,21730,VK,SLK,13,5,8,4,5,1,BIND,
ntk,sova,221,15,10,5,5,131.6,18,1,0,1,21730,VK,SLK,13,5,8,4,5,1,BIND,
JhoW,cypher,207,13,9,7,4,144.5,32,2,2,0,21730,VK,SLK,13,5,8,4,5,1,BIND,
v1xen,omen,128,9,9,6,0,102.1,23,0,0,0,21730,VK,SLK,13,5,8,4,5,1,BIND,
fluyr,brimstone,228,18,19,9,-1,189.7,19,1,6,-5,22114,SH,SLK,11,13,6,6,5,7,BIND,
Ziulfps,viper,220,17,15,8,2,141.5,26,4,0,4,22114,SH,SLK,11,13,6,6,5,7,BIND,
NANZIN,sova,202,17,16,6,1,117.2,35,2,1,1,22114,SH,SLK,11,13,6,6,5,7,BIND,
flainzz,killjoy,181,15,20,5,-5,122.3,27,2,3,-1,22114,SH,SLK,11,13,6,6,5,7,BIND,
BRNWOWZK1,jett,176,14,18,4,-4,113.8,12,1,4,-3,22114,SH,SLK,11,13,6,6,5,7,BIND,
aspas,reyna,303,25,17,7,8,192.1,29,3,1,2,22114,SLK,SH,13,11,7,5,6,6,BIND,
DiMAS,brimstone,241,22,15,6,7,124.2,33,7,3,4,22114,SLK,SH,13,11,7,5,6,6,BIND,
mNdS,sova,217,16,16,12,0,143.5,30,2,1,1,22114,SLK,SH,13,11,7,5,6,6,BIND,
Veroneze,raze,163,15,15,6,0,119.4,14,1,1,0,22114,SLK,SH,13,11,7,5,6,6,BIND,
bld,viper,136,10,18,7,-8,96.6,17,1,4,-3,22114,SLK,SH,13,11,7,5,6,6,BIND,
fluyr,viper,239,17,13,4,4,201.4,25,1,3,-2,22114,SH,SLK,7,13,6,6,1,7,ICEBOX,
NANZIN,sova,207,14,15,5,-1,132.7,37,1,3,-2,22114,SH,SLK,7,13,6,6,1,7,ICEBOX,
BRNWOWZK1,jett,160,10,16,3,-6,102.9,23,1,5,-4,22114,SH,SLK,7,13,6,6,1,7,ICEBOX,
flainzz,sage,152,11,14,5,-3,103.2,26,0,0,0,22114,SH,SLK,7,13,6,6,1,7,ICEBOX,
Ziulfps,reyna,139,9,17,3,-8,148.6,15,1,5,-4,22114,SH,SLK,7,13,6,6,1,7,ICEBOX,
aspas,reyna,288,20,13,3,7,155.4,37,3,0,3,22114,SLK,SH,13,7,7,1,6,6,ICEBOX,
Veroneze,viper,232,16,10,9,6,148.4,29,3,0,3,22114,SLK,SH,13,7,7,1,6,6,ICEBOX,
bld,sage,209,15,14,7,1,130.2,24,6,2,4,22114,SLK,SH,13,7,7,1,6,6,ICEBOX,
DiMAS,killjoy,200,13,12,3,1,146.5,28,3,1,2,22114,SLK,SH,13,7,7,1,6,6,ICEBOX,
mNdS,sova,157,11,12,5,-1,112.0,26,1,1,0,22114,SLK,SH,13,7,7,1,6,6,ICEBOX,
cmtJ,astra,207,13,17,2,-4,118.3,21,0,3,-3,22683,hPw,SLK,5,13,2,4,3,9,HAVEN,
DMT,phoenix,167,10,14,3,-4,98.3,22,2,5,-3,22683,hPw,SLK,5,13,2,4,3,9,HAVEN,
luqz,sova,165,10,12,4,-2,95.9,30,0,1,-1,22683,hPw,SLK,5,13,2,4,3,9,HAVEN,
zaxdeuS,cypher,146,7,18,2,-11,98.7,19,0,4,-4,22683,hPw,SLK,5,13,2,4,3,9,HAVEN,
silentzz,jett,92,5,18,1,-13,60.7,26,1,2,-1,22683,hPw,SLK,5,13,2,4,3,9,HAVEN,
bld,cypher,302,20,10,2,10,165.1,40,3,0,3,22683,SLK,hPw,13,5,9,3,4,2,HAVEN,
mNdS,sova,298,19,9,5,10,189.9,29,1,1,0,22683,SLK,hPw,13,5,9,3,4,2,HAVEN,
aspas,reyna,281,19,9,6,10,166.4,27,3,1,2,22683,SLK,hPw,13,5,9,3,4,2,HAVEN,
Veroneze,jett,180,13,7,0,6,96.3,17,5,0,5,22683,SLK,hPw,13,5,9,3,4,2,HAVEN,
DiMAS,astra,134,8,10,1,-2,103.0,40,3,1,2,22683,SLK,hPw,13,5,9,3,4,2,HAVEN,
luqz,sova,230,13,13,4,0,130.2,35,0,2,-2,22683,hPw,SLK,4,13,2,10,2,3,ICEBOX,
cmtJ,viper,217,13,14,3,-1,144.5,38,0,1,-1,22683,hPw,SLK,4,13,2,10,2,3,ICEBOX,
silentzz,jett,159,8,16,3,-8,102.8,17,3,5,-2,22683,hPw,SLK,4,13,2,10,2,3,ICEBOX,
DMT,killjoy,128,7,14,2,-7,88.6,23,2,2,0,22683,hPw,SLK,4,13,2,10,2,3,ICEBOX,
zaxdeuS,sage,106,4,15,5,-11,78.5,17,1,1,0,22683,hPw,SLK,4,13,2,10,2,3,ICEBOX,
aspas,reyna,357,24,8,1,16,246.5,28,2,3,-1,22683,SLK,hPw,13,4,3,2,10,2,ICEBOX,
bld,sage,294,16,11,6,5,155.4,32,5,0,5,22683,SLK,hPw,13,4,3,2,10,2,ICEBOX,
mNdS,sova,194,13,8,4,5,108.8,18,0,0,0,22683,SLK,hPw,13,4,3,2,10,2,ICEBOX,
Veroneze,viper,188,12,7,4,5,122.5,21,1,2,-1,22683,SLK,hPw,13,4,3,2,10,2,ICEBOX,
DiMAS,killjoy,128,7,11,3,-4,88.9,14,3,1,2,22683,SLK,hPw,13,4,3,2,10,2,ICEBOX,
aspas,reyna,302,24,17,6,7,201.0,28,6,1,5,22713,SLK,TNET,13,11,5,7,8,4,HAVEN,
Veroneze,jett,268,23,17,3,6,147.9,34,3,1,2,22713,SLK,TNET,13,11,5,7,8,4,HAVEN,
bld,cypher,210,19,14,2,5,136.8,53,4,2,2,22713,SLK,TNET,13,11,5,7,8,4,HAVEN,
DiMAS,astra,176,16,15,3,1,107.4,22,1,3,-2,22713,SLK,TNET,13,11,5,7,8,4,HAVEN,
mNdS,sova,87,6,16,6,-10,66.5,7,0,3,-3,22713,SLK,TNET,13,11,5,7,8,4,HAVEN,
chase,raze,252,19,20,6,-1,154.3,17,3,5,-2,22713,TNET,SLK,11,13,4,8,7,5,HAVEN,
dgzin,jett,236,21,18,2,3,144.5,33,3,3,0,22713,TNET,SLK,11,13,4,8,7,5,HAVEN,
fuzari,cypher,173,14,15,4,-1,142.3,20,2,1,1,22713,TNET,SLK,11,13,4,8,7,5,HAVEN,
pancada,astra,170,16,16,3,0,147.5,25,2,2,0,22713,TNET,SLK,11,13,4,8,7,5,HAVEN,
v1nny,skye,109,9,19,5,-10,76.4,28,0,3,-3,22713,TNET,SLK,11,13,4,8,7,5,HAVEN,
aspas,raze,213,13,20,4,-7,188.6,17,4,3,1,22713,SLK,TNET,7,13,4,8,3,5,ASCENT,
Veroneze,omen,210,15,17,6,-2,151.1,23,0,1,-1,22713,SLK,TNET,7,13,4,8,3,5,ASCENT,
bld,sage,176,13,15,4,-2,104.4,31,2,4,-2,22713,SLK,TNET,7,13,4,8,3,5,ASCENT,
DiMAS,killjoy,155,11,18,2,-7,107.1,28,1,2,-1,22713,SLK,TNET,7,13,4,8,3,5,ASCENT,
mNdS,sova,151,9,16,8,-7,102.1,26,1,2,-1,22713,SLK,TNET,7,13,4,8,3,5,ASCENT,
dgzin,jett,368,27,15,4,12,200.5,29,6,4,2,22713,TNET,SLK,13,7,5,3,8,4,ASCENT,
chase,raze,240,16,14,7,2,161.2,22,2,2,0,22713,TNET,SLK,13,7,5,3,8,4,ASCENT,
pancada,astra,195,14,11,5,3,176.9,29,0,1,-1,22713,TNET,SLK,13,7,5,3,8,4,ASCENT,
v1nny,skye,192,16,9,5,7,120.0,26,1,1,0,22713,TNET,SLK,13,7,5,3,8,4,ASCENT,
fuzari,cypher,181,13,12,7,1,90.5,30,3,0,3,22713,TNET,SLK,13,7,5,3,8,4,ASCENT,
Veroneze,jett,238,18,17,4,1,138.4,50,3,7,-4,22713,SLK,TNET,7,13,3,5,4,8,SPLIT,
mNdS,astra,229,14,18,5,-4,162.8,25,0,0,0,22713,SLK,TNET,7,13,3,5,4,8,SPLIT,
bld,sage,206,12,20,6,-8,127.1,26,2,2,0,22713,SLK,TNET,7,13,3,5,4,8,SPLIT,
aspas,reyna,183,12,19,2,-7,97.0,18,2,2,0,22713,SLK,TNET,7,13,3,5,4,8,SPLIT,
DiMAS,killjoy,135,9,16,3,-7,87.3,9,1,1,0,22713,SLK,TNET,7,13,3,5,4,8,SPLIT,
chase,reyna,312,24,13,4,11,151.8,21,2,1,1,22713,TNET,SLK,13,7,8,4,5,3,SPLIT,
v1nny,sage,278,19,12,13,7,169.7,19,0,3,-3,22713,TNET,SLK,13,7,8,4,5,3,SPLIT,
dgzin,jett,257,19,19,4,0,135.7,19,6,4,2,22713,TNET,SLK,13,7,8,4,5,3,SPLIT,
pancada,astra,211,17,10,3,7,125.8,30,2,0,2,22713,TNET,SLK,13,7,8,4,5,3,SPLIT,
fuzari,cypher,167,11,11,5,0,111.8,21,2,0,2,22713,TNET,SLK,13,7,8,4,5,3,SPLIT,
mNdS,astra,317,30,17,9,13,199.6,22,2,0,2,24200,SLK,UNKT,13,15,6,6,6,6,HAVEN,
Veroneze,jett,255,26,21,3,5,156.2,29,4,5,-1,24200,SLK,UNKT,13,15,6,6,6,6,HAVEN,
Maverick,sova,192,16,19,17,-3,135.9,17,2,1,1,24200,SLK,UNKT,13,15,6,6,6,6,HAVEN,
aspas,reyna,186,20,23,6,-3,110.4,33,3,3,0,24200,SLK,UNKT,13,15,6,6,6,6,HAVEN,
DiMAS,cypher,140,13,20,5,-7,92.9,32,3,5,-2,24200,SLK,UNKT,13,15,6,6,6,6,HAVEN,
mega,viper,246,25,20,7,5,176.9,36,4,5,-1,24200,UNKT,SLK,15,13,6,6,6,6,HAVEN,
Fatmarino,sage,239,25,19,6,6,187.1,26,3,2,1,24200,UNKT,SLK,15,13,6,6,6,6,HAVEN,
vitrix,skye,213,22,23,4,-1,121.6,22,3,3,0,24200,UNKT,SLK,15,13,6,6,6,6,HAVEN,
welzin,killjoy,168,17,20,4,-3,117.3,26,2,1,1,24200,UNKT,SLK,15,13,6,6,6,6,HAVEN,
RCSoldier,brimstone,135,11,23,13,-12,88.1,21,2,3,-1,24200,UNKT,SLK,15,13,6,6,6,6,HAVEN,
aspas,reyna,398,24,7,0,17,292.9,27,4,0,4,24200,SLK,UNKT,13,2,10,2,3,0,ICEBOX,
DiMAS,killjoy,284,15,9,4,6,180.1,15,2,2,0,24200,SLK,UNKT,13,2,10,2,3,0,ICEBOX,
Maverick,sova,250,14,6,7,8,179.5,31,0,0,0,24200,SLK,UNKT,13,2,10,2,3,0,ICEBOX,
Veroneze,viper,240,13,6,7,7,113.6,18,2,2,0,24200,SLK,UNKT,13,2,10,2,3,0,ICEBOX,
mNdS,sage,144,8,8,5,0,98.4,21,0,3,-3,24200,SLK,UNKT,13,2,10,2,3,0,ICEBOX,
Fatmarino,jett,255,12,14,0,-2,141.3,38,4,3,1,24200,UNKT,SLK,2,13,0,3,2,10,ICEBOX,
welzin,sova,197,8,15,4,-7,121.9,32,2,1,1,24200,UNKT,SLK,2,13,0,3,2,10,ICEBOX,
vitrix,reyna,133,6,14,3,-8,89.2,10,0,2,-2,24200,UNKT,SLK,2,13,0,3,2,10,ICEBOX,
RCSoldier,sage,112,6,15,0,-9,64.7,50,1,0,1,24200,UNKT,SLK,2,13,0,3,2,10,ICEBOX,
mega,viper,98,4,16,1,-12,56.5,29,0,2,-2,24200,UNKT,SLK,2,13,0,3,2,10,ICEBOX,
DiMAS,skye,247,20,10,2,10,129.1,30,3,1,2,24200,SLK,UNKT,13,7,6,2,7,5,BIND,
Maverick,brimstone,241,18,11,4,7,167.0,29,2,1,1,24200,SLK,UNKT,13,7,6,2,7,5,BIND,
aspas,raze,225,16,12,3,4,139.9,33,3,1,2,24200,SLK,UNKT,13,7,6,2,7,5,BIND,
Veroneze,viper,204,15,10,5,5,133.5,30,1,2,-1,24200,SLK,UNKT,13,7,6,2,7,5,BIND,
mNdS,sage,102,7,13,2,-6,74.7,24,2,4,-2,24200,SLK,UNKT,13,7,6,2,7,5,BIND,
mega,reyna,221,16,15,5,1,112.2,32,5,4,1,24200,UNKT,SLK,7,13,5,7,2,6,BIND,
Fatmarino,yoru,168,14,17,4,-3,100.0,32,0,3,-3,24200,UNKT,SLK,7,13,5,7,2,6,BIND,
welzin,cypher,165,11,16,4,-5,116.6,26,2,0,2,24200,UNKT,SLK,7,13,5,7,2,6,BIND,
vitrix,sova,151,9,15,9,-6,102.9,22,1,3,-2,24200,UNKT,SLK,7,13,5,7,2,6,BIND,
RCSoldier,brimstone,115,6,13,6,-7,83.6,21,1,1,0,24200,UNKT,SLK,7,13,5,7,2,6,BIND,
aspas,reyna,327,24,12,1,12,189.1,48,4,3,1,24213,SLK,JGG,13,6,3,4,10,2,HAVEN,
Veroneze,jett,243,17,9,4,8,202.7,31,6,0,6,24213,SLK,JGG,13,6,3,4,10,2,HAVEN,
DiMAS,cypher,216,14,14,6,0,147.2,38,1,1,0,24213,SLK,JGG,13,6,3,4,10,2,HAVEN,
mNdS,astra,197,14,11,6,3,130.3,20,0,1,-1,24213,SLK,JGG,13,6,3,4,10,2,HAVEN,
Maverick,sova,172,11,11,5,0,154.7,35,3,0,3,24213,SLK,JGG,13,6,3,4,10,2,HAVEN,
zakkv,sova,216,13,18,4,-5,137.7,30,1,2,-1,24213,JGG,SLK,6,13,2,10,4,3,HAVEN,
Less,killjoy,176,11,15,3,-4,121.1,38,1,2,-1,24213,JGG,SLK,6,13,2,10,4,3,HAVEN,
Tisora,jett,176,11,16,3,-5,122.3,18,2,4,-2,24213,JGG,SLK,6,13,2,10,4,3,HAVEN,
axeddy,phoenix,155,11,15,1,-4,94.1,40,1,3,-2,24213,JGG,SLK,6,13,2,10,4,3,HAVEN,
mcn,astra,154,11,16,6,-5,84.8,19,0,3,-3,24213,JGG,SLK,6,13,2,10,4,3,HAVEN,
Veroneze,sage,371,23,9,6,14,224.9,23,5,3,2,24213,SLK,JGG,13,6,8,4,5,2,SPLIT,
aspas,jett,264,19,11,0,8,149.7,39,4,2,2,24213,SLK,JGG,13,6,8,4,5,2,SPLIT,
DiMAS,killjoy,201,14,11,1,3,134.1,17,2,1,1,24213,SLK,JGG,13,6,8,4,5,2,SPLIT,
mNdS,astra,188,16,7,6,9,103.1,19,0,0,0,24213,SLK,JGG,13,6,8,4,5,2,SPLIT,
Maverick,breach,133,8,10,7,-2,81.2,16,1,1,0,24213,SLK,JGG,13,6,8,4,5,2,SPLIT,
Less,killjoy,211,14,15,3,-1,140.3,20,1,1,0,24213,JGG,SLK,6,13,2,5,4,8,SPLIT,
Tisora,reyna,201,12,16,6,-4,143.4,19,2,5,-3,24213,JGG,SLK,6,13,2,5,4,8,SPLIT,
axeddy,sage,138,8,15,6,-7,84.7,28,1,2,-1,24213,JGG,SLK,6,13,2,5,4,8,SPLIT,
zakkv,raze,132,7,18,0,-11,90.7,8,3,3,0,24213,JGG,SLK,6,13,2,5,4,8,SPLIT,
mcn,omen,101,7,16,1,-9,86.1,23,0,1,-1,24213,JGG,SLK,6,13,2,5,4,8,SPLIT,
Khalil,brimstone,341,21,8,12,13,226.2,24,2,0,2,24466,FUR,SLK,13,4,3,2,10,2,BIND,
xand,skye,262,17,13,3,4,152.1,17,1,3,-2,24466,FUR,SLK,13,4,3,2,10,2,BIND,
Nozwerr,sova,230,14,8,6,6,136.1,23,2,0,2,24466,FUR,SLK,13,4,3,2,10,2,BIND,
Mazin,raze,218,13,12,3,1,135.6,29,4,3,1,24466,FUR,SLK,13,4,3,2,10,2,BIND,
Quick,viper,189,12,11,6,1,136.1,30,0,2,-2,24466,FUR,SLK,13,4,3,2,10,2,BIND,
mNdS,sage,248,16,14,3,2,165.2,28,1,0,1,24466,SLK,FUR,4,13,2,10,2,3,BIND,
aspas,raze,241,14,14,3,0,195.9,26,1,1,0,24466,SLK,FUR,4,13,2,10,2,3,BIND,
Maverick,brimstone,160,8,16,5,-8,109.8,32,1,3,-2,24466,SLK,FUR,4,13,2,10,2,3,BIND,
Veroneze,viper,154,7,15,6,-8,89.6,26,2,1,1,24466,SLK,FUR,4,13,2,10,2,3,BIND,
DiMAS,skye,111,7,18,2,-11,92.4,56,3,4,-1,24466,SLK,FUR,4,13,2,10,2,3,BIND,
dgzin,jett,252,19,18,1,1,138.8,39,6,4,2,24468,SH,SLK,8,13,2,7,6,6,HAVEN,
chase,raze,204,14,15,2,-1,131.5,33,2,3,-1,24468,SH,SLK,8,13,2,7,6,6,HAVEN,
v1nny,skye,153,9,16,3,-7,98.7,29,0,0,0,24468,SH,SLK,8,13,2,7,6,6,HAVEN,
pancada,astra,130,10,16,4,-6,76.3,27,0,2,-2,24468,SH,SLK,8,13,2,7,6,6,HAVEN,
fuzari,cypher,76,6,17,3,-11,54.0,11,0,4,-4,24468,SH,SLK,8,13,2,7,6,6,HAVEN,
Veroneze,jett,276,21,11,1,10,204.0,33,6,1,5,24468,SLK,SH,13,8,6,6,7,2,HAVEN,
DiMAS,cypher,258,20,11,5,9,176.8,39,2,3,-1,24468,SLK,SH,13,8,6,6,7,2,HAVEN,
mNdS,astra,207,15,13,10,2,132.7,43,0,1,-1,24468,SLK,SH,13,8,6,6,7,2,HAVEN,
Maverick,sova,197,15,12,5,3,161.9,40,2,2,0,24468,SLK,SH,13,8,6,6,7,2,HAVEN,
aspas,reyna,155,11,11,6,0,94.8,24,3,1,2,24468,SLK,SH,13,8,6,6,7,2,HAVEN,
v1nny,skye,195,10,14,2,-4,129.9,28,1,0,1,24468,SH,SLK,2,13,0,3,2,10,BIND,
dgzin,jett,181,8,15,4,-7,114.5,28,2,1,1,24468,SH,SLK,2,13,0,3,2,10,BIND,
pancada,astra,175,8,14,5,-6,102.1,27,2,2,0,24468,SH,SLK,2,13,0,3,2,10,BIND,
chase,raze,129,6,13,2,-7,82.5,28,2,4,-2,24468,SH,SLK,2,13,0,3,2,10,BIND,
fuzari,cypher,107,5,15,3,-10,55.9,10,0,1,-1,24468,SH,SLK,2,13,0,3,2,10,BIND,
Maverick,brimstone,439,26,3,3,23,311.8,36,1,1,0,24468,SLK,SH,13,2,10,2,3,0,BIND,
aspas,raze,285,16,7,8,9,225.9,23,1,3,-2,24468,SLK,SH,13,2,10,2,3,0,BIND,
DiMAS,skye,251,14,11,4,3,142.7,30,5,2,3,24468,SLK,SH,13,2,10,2,3,0,BIND,
mNdS,sage,202,11,8,4,3,121.3,25,0,1,-1,24468,SLK,SH,13,2,10,2,3,0,BIND,
Veroneze,viper,93,4,8,3,-4,63.1,7,1,0,1,24468,SLK,SH,13,2,10,2,3,0,BIND,
Quick,viper,254,22,16,6,6,166.0,25,4,2,2,24469,FUR,SLK,13,10,10,1,3,9,BIND,
xand,skye,240,19,16,3,3,131.4,19,8,0,8,24469,FUR,SLK,13,10,10,1,3,9,BIND,
Khalil,brimstone,193,16,11,10,5,117.4,21,0,1,-1,24469,FUR,SLK,13,10,10,1,3,9,BIND,
Mazin,raze,188,13,16,10,-3,122.0,12,1,6,-5,24469,FUR,SLK,13,10,10,1,3,9,BIND,
Nozwerr,sova,173,14,10,9,4,111.0,15,1,0,1,24469,FUR,SLK,13,10,10,1,3,9,BIND,
aspas,raze,237,18,17,4,1,154.9,38,4,0,4,24469,SLK,FUR,10,13,9,3,1,10,BIND,
Veroneze,viper,178,17,17,2,0,91.5,27,1,2,-1,24469,SLK,FUR,10,13,9,3,1,10,BIND,
DiMAS,skye,158,13,19,5,-6,106.6,32,2,5,-3,24469,SLK,FUR,10,13,9,3,1,10,BIND,
mNdS,sage,154,11,15,11,-4,95.8,32,1,4,-3,24469,SLK,FUR,10,13,9,3,1,10,BIND,
Maverick,brimstone,137,10,16,8,-6,87.0,11,1,3,-2,24469,SLK,FUR,10,13,9,3,1,10,BIND,
xand,jett,278,25,22,6,3,155.9,22,10,3,7,24469,FUR,SLK,14,12,5,7,7,5,HAVEN,
Mazin,sage,220,22,13,5,9,124.8,23,3,1,2,24469,FUR,SLK,14,12,5,7,7,5,HAVEN,
Nozwerr,skye,218,21,15,6,6,154.0,16,2,2,0,24469,FUR,SLK,14,12,5,7,7,5,HAVEN,
Quick,cypher,197,19,15,2,4,106.5,20,0,3,-3,24469,FUR,SLK,14,12,5,7,7,5,HAVEN,
Khalil,omen,131,11,17,10,-6,92.3,19,2,0,2,24469,FUR,SLK,14,12,5,7,7,5,HAVEN,
aspas,reyna,229,21,19,3,2,131.3,29,2,3,-1,24469,SLK,FUR,12,14,5,7,7,5,HAVEN,
Veroneze,jett,228,20,20,3,0,160.8,33,1,4,-3,24469,SLK,FUR,12,14,5,7,7,5,HAVEN,
Maverick,sova,193,19,18,2,1,127.8,31,1,4,-3,24469,SLK,FUR,12,14,5,7,7,5,HAVEN,
mNdS,astra,153,14,20,13,-6,106.6,39,2,2,0,24469,SLK,FUR,12,14,5,7,7,5,HAVEN,
DiMAS,cypher,114,8,21,7,-13,77.8,16,3,4,-1,24469,SLK,FUR,12,14,5,7,7,5,HAVEN,
aspas,reyna,289,27,20,10,7,219.3,27,6,1,5,26728,SLK,ROLO,13,15,2,10,10,2,HAVEN,
DiMAS,cypher,204,19,22,6,-3,116.6,30,8,0,8,26728,SLK,ROLO,13,15,2,10,10,2,HAVEN,
Maverick,sova,181,21,15,8,6,151.3,27,2,4,-2,26728,SLK,ROLO,13,15,2,10,10,2,HAVEN,
mNdS,astra,177,17,20,10,-3,109.8,26,2,1,1,26728,SLK,ROLO,13,15,2,10,10,2,HAVEN,
Veroneze,jett,146,14,20,3,-6,116.7,27,1,3,-2,26728,SLK,ROLO,13,15,2,10,10,2,HAVEN,
Zanatsu1,jett,248,25,25,3,0,149.1,29,3,7,-4,26728,ROLO,SLK,15,13,2,10,10,2,HAVEN,
4DR,sova,212,17,17,13,0,133.9,13,2,1,1,26728,ROLO,SLK,15,13,2,10,10,2,HAVEN,
Dauerrr,cypher,199,19,19,7,0,140.6,30,2,5,-3,26728,ROLO,SLK,15,13,2,10,10,2,HAVEN,
morari,kayo,186,21,21,13,0,116.5,36,2,4,-2,26728,ROLO,SLK,15,13,2,10,10,2,HAVEN,
marcelintb,astra,141,15,16,10,-1,103.0,35,0,2,-2,26728,ROLO,SLK,15,13,2,10,10,2,HAVEN,
Veroneze,viper,337,28,11,6,17,268.1,33,1,2,-1,26728,SLK,ROLO,13,8,10,2,3,6,BIND,
Maverick,brimstone,239,17,12,8,5,147.7,25,5,1,4,26728,SLK,ROLO,13,8,10,2,3,6,BIND,
DiMAS,skye,227,18,12,3,6,157.5,23,2,3,-1,26728,SLK,ROLO,13,8,10,2,3,6,BIND,
aspas,raze,218,15,13,1,2,147.5,26,3,0,3,26728,SLK,ROLO,13,8,10,2,3,6,BIND,
mNdS,sage,84,5,17,4,-12,65.3,19,1,3,-2,26728,SLK,ROLO,13,8,10,2,3,6,BIND,
Zanatsu1,raze,250,16,17,5,-1,160.3,26,4,4,0,26728,ROLO,SLK,8,13,6,3,2,10,BIND,
marcelintb,brimstone,237,21,14,3,7,142.4,25,2,1,1,26728,ROLO,SLK,8,13,6,3,2,10,BIND,
4DR,sova,187,14,16,4,-2,98.6,9,1,1,0,26728,ROLO,SLK,8,13,6,3,2,10,BIND,
morari,sage,119,8,17,5,-9,81.1,25,1,3,-2,26728,ROLO,SLK,8,13,6,3,2,10,BIND,
Dauerrr,viper,114,6,19,7,-13,83.0,20,1,3,-2,26728,ROLO,SLK,8,13,6,3,2,10,BIND,
aspas,reyna,289,21,12,5,9,163.3,28,1,0,1,26728,SLK,ROLO,13,6,7,5,6,1,ICEBOX,
Maverick,sova,282,18,11,5,7,189.0,25,4,2,2,26728,SLK,ROLO,13,6,7,5,6,1,ICEBOX,
DiMAS,jett,240,15,18,2,-3,148.0,25,5,3,2,26728,SLK,ROLO,13,6,7,5,6,1,ICEBOX,
mNdS,sage,230,17,11,7,6,144.8,23,1,1,0,26728,SLK,ROLO,13,6,7,5,6,1,ICEBOX,
Veroneze,viper,136,7,11,6,-4,90.5,42,1,1,0,26728,SLK,ROLO,13,6,7,5,6,1,ICEBOX,
Zanatsu1,reyna,271,17,16,4,1,174.2,38,4,3,1,26728,ROLO,SLK,6,13,1,6,5,7,ICEBOX,
marcelintb,sova,199,14,15,1,-1,99.9,21,1,1,0,26728,ROLO,SLK,6,13,1,6,5,7,ICEBOX,
morari,jett,199,13,17,3,-4,123.2,24,1,3,-2,26728,ROLO,SLK,6,13,1,6,5,7,ICEBOX,
4DR,sage,166,11,15,0,-4,109.1,38,1,1,0,26728,ROLO,SLK,6,13,1,6,5,7,ICEBOX,
Dauerrr,viper,141,8,15,4,-7,88.3,26,0,4,-4,26728,ROLO,SLK,6,13,1,6,5,7,ICEBOX,
aspas,reyna,296,19,9,4,10,257.6,39,3,1,2,26776,SLK,END,13,5,5,1,8,4,HAVEN,
Maverick,sova,271,20,9,6,11,160.1,30,2,0,2,26776,SLK,END,13,5,5,1,8,4,HAVEN,
Veroneze,jett,207,14,11,5,3,103.7,25,1,3,-2,26776,SLK,END,13,5,5,1,8,4,HAVEN,
DiMAS,cypher,205,13,8,3,5,115.2,16,3,2,1,26776,SLK,END,13,5,5,1,8,4,HAVEN,
mNdS,astra,160,10,11,7,-1,89.7,18,1,2,-1,26776,SLK,END,13,5,5,1,8,4,HAVEN,
FLG1,sova,187,12,16,3,-4,107.1,38,2,2,0,26776,END,SLK,5,13,4,8,1,5,HAVEN,
glym,jett,185,10,16,3,-6,109.9,27,3,2,1,26776,END,SLK,5,13,4,8,1,5,HAVEN,
wilfps,cypher,182,10,17,5,-7,114.4,23,0,2,-2,26776,END,SLK,5,13,4,8,1,5,HAVEN,
Fatal,kayo,171,11,16,5,-5,84.3,26,2,1,1,26776,END,SLK,5,13,4,8,1,5,HAVEN,
Gabriel,astra,85,5,11,5,-6,60.4,25,1,3,-2,26776,END,SLK,5,13,4,8,1,5,HAVEN,
aspas,raze,327,27,17,7,10,209.5,31,5,5,0,26776,SLK,END,13,10,6,6,7,4,BIND,
Maverick,brimstone,277,24,14,3,10,138.5,29,2,1,1,26776,SLK,END,13,10,6,6,7,4,BIND,
mNdS,sage,182,12,15,9,-3,141.0,23,0,0,0,26776,SLK,END,13,10,6,6,7,4,BIND,
DiMAS,skye,161,15,15,3,0,106.6,29,4,3,1,26776,SLK,END,13,10,6,6,7,4,BIND,
Veroneze,viper,135,10,18,5,-8,101.6,29,1,2,-1,26776,SLK,END,13,10,6,6,7,4,BIND,
Fatal,raze,236,17,20,7,-3,147.5,12,3,3,0,26776,END,SLK,10,13,4,7,6,6,BIND,
FLG1,sova,227,18,18,2,0,136.9,28,2,1,1,26776,END,SLK,10,13,4,7,6,6,BIND,
Gabriel,astra,212,18,17,8,1,139.0,39,1,1,0,26776,END,SLK,10,13,4,7,6,6,BIND,
wilfps,viper,209,16,16,6,0,134.7,20,4,4,0,26776,END,SLK,10,13,4,7,6,6,BIND,
glym,sage,123,10,17,7,-7,84.2,15,1,3,-2,26776,END,SLK,10,13,4,7,6,6,BIND,
gaabxx,sage,262,20,12,4,8,172.4,23,3,4,-1,26912,SHK,SLK,13,7,4,4,9,3,HAVEN,
prozin,raze,259,17,15,5,2,164.3,14,2,5,-3,26912,SHK,SLK,13,7,4,4,9,3,HAVEN,
deNaro,skye,231,16,12,9,4,148.7,10,3,0,3,26912,SHK,SLK,13,7,4,4,9,3,HAVEN,
light,killjoy,192,14,10,2,4,122.5,26,1,1,0,26912,SHK,SLK,13,7,4,4,9,3,HAVEN,
fra,astra,161,13,11,13,2,113.2,25,1,0,1,26912,SHK,SLK,13,7,4,4,9,3,HAVEN,
Veroneze,jett,304,24,13,1,11,166.0,31,4,1,3,26912,SLK,SHK,7,13,3,9,4,4,HAVEN,
aspas,reyna,190,13,17,3,-4,175.9,23,1,2,-1,26912,SLK,SHK,7,13,3,9,4,4,HAVEN,
mNdS,astra,164,11,17,9,-6,105.3,23,1,2,-1,26912,SLK,SHK,7,13,3,9,4,4,HAVEN,
DiMAS,cypher,126,8,17,2,-9,74.6,24,3,5,-2,26912,SLK,SHK,7,13,3,9,4,4,HAVEN,
Maverick,sova,94,4,16,7,-12,85.2,19,1,0,1,26912,SLK,SHK,7,13,3,9,4,4,HAVEN,
ceegu1N,sage,209,12,14,7,-2,116.9,16,1,1,0,26914,Inga,SLK,5,13,3,9,2,4,ICEBOX,
Magic,jett,188,11,15,3,-4,110.7,21,1,3,-2,26914,Inga,SLK,5,13,3,9,2,4,ICEBOX,
jacobin,viper,164,10,14,1,-4,97.1,13,2,4,-2,26914,Inga,SLK,5,13,3,9,2,4,ICEBOX,
CTC,sova,162,9,15,7,-6,99.0,20,0,1,-1,26914,Inga,SLK,5,13,3,9,2,4,ICEBOX,
delevingne,reyna,148,10,13,5,-3,91.3,15,2,3,-1,26914,Inga,SLK,5,13,3,9,2,4,ICEBOX,
aspas,jett,312,22,11,2,11,164.6,23,6,0,6,26914,SLK,Inga,13,5,4,2,9,3,ICEBOX,
Veroneze,sova,245,16,10,3,6,150.6,32,1,1,0,26914,SLK,Inga,13,5,4,2,9,3,ICEBOX,
DiMAS,viper,244,16,9,5,7,155.3,47,4,3,1,26914,SLK,Inga,13,5,4,2,9,3,ICEBOX,
mNdS,sage,172,12,10,5,2,97.4,39,1,1,0,26914,SLK,Inga,13,5,4,2,9,3,ICEBOX,
Maverick,kayo,98,5,12,11,-7,65.8,6,0,1,-1,26914,SLK,Inga,13,5,4,2,9,3,ICEBOX,
Magic,raze,267,26,19,3,7,153.8,18,5,4,1,26914,Inga,SLK,14,12,6,6,6,6,BIND,
ceegu1N,astra,262,23,16,15,7,159.8,16,4,0,4,26914,Inga,SLK,14,12,6,6,6,6,BIND,
delevingne,kayo,228,20,21,11,-1,143.6,16,5,1,4,26914,Inga,SLK,14,12,6,6,6,6,BIND,
CTC,sova,204,20,15,9,5,120.7,22,2,1,1,26914,Inga,SLK,14,12,6,6,6,6,BIND,
jacobin,viper,128,13,17,10,-4,97.8,21,0,4,-4,26914,Inga,SLK,14,12,6,6,6,6,BIND,
Maverick,kayo,222,19,20,10,-1,153.7,23,1,0,1,26914,SLK,Inga,12,14,6,6,6,6,BIND,
aspas,raze,220,19,21,4,-2,138.5,27,4,7,-3,26914,SLK,Inga,12,14,6,6,6,6,BIND,
mNdS,brimstone,218,21,18,6,3,139.9,27,1,2,-1,26914,SLK,Inga,12,14,6,6,6,6,BIND,
Veroneze,viper,186,16,19,8,-3,127.3,45,0,4,-4,26914,SLK,Inga,12,14,6,6,6,6,BIND,
DiMAS,skye,147,13,24,4,-11,104.0,30,4,3,1,26914,SLK,Inga,12,14,6,6,6,6,BIND,
Magic,jett,299,16,15,6,1,190.4,29,6,4,2,26914,Inga,SLK,4,13,4,8,0,5,HAVEN,
ceegu1N,omen,170,8,15,9,-7,103.6,16,0,0,0,26914,Inga,SLK,4,13,4,8,0,5,HAVEN,
jacobin,breach,165,10,14,4,-4,109.5,14,1,2,-1,26914,Inga,SLK,4,13,4,8,0,5,HAVEN,
CTC,cypher,149,8,13,2,-5,176.5,33,1,2,-1,26914,Inga,SLK,4,13,4,8,0,5,HAVEN,
delevingne,skye,55,2,15,4,-13,38.0,13,0,1,-1,26914,Inga,SLK,4,13,4,8,0,5,HAVEN,
aspas,reyna,327,20,9,6,11,211.6,38,2,1,1,26914,SLK,Inga,13,4,5,0,8,4,HAVEN,
Maverick,sova,247,15,10,7,5,130.3,28,2,2,0,26914,SLK,Inga,13,4,5,0,8,4,HAVEN,
Veroneze,jett,215,14,9,2,5,132.9,24,3,2,1,26914,SLK,Inga,13,4,5,0,8,4,HAVEN,
mNdS,astra,214,15,6,4,9,140.5,26,1,0,1,26914,SLK,Inga,13,4,5,0,8,4,HAVEN,
DiMAS,killjoy,140,8,10,2,-2,99.2,24,1,3,-2,26914,SLK,Inga,13,4,5,0,8,4,HAVEN,
